,fixture_id,home_team,away_team,home_goals,away_goals,venue,referee,round,date,season,status,home_coach,home_foramtion,home_players,away_coach,away_formation,away_players,H_avg_ratings,A_avg_ratings
0,635867,Al Shabab,Abha,1.0,0.0,Prince Faisal bin Fahd Stadium,Mohammed Al Hoaish,1,2020-10-17T18:00:00+03:00,2020/2021,Match Finished,,4-4-2,"[('Giedrius Arlauskis', 'G'), ('Mohammed Salem', 'D'), ('Ahmed Sharahili', 'D'), ('Hassan Altambakti', 'D'), ('Khaled Al-Ghamdi', 'D'), (""Alfred N'Diaye"", 'M'), ('Éver Banega', 'M'), ('Cristian Guanca', 'M'), ('Abdullah Al Shamekh', 'M'), ('Makhete Diop', 'F'), ('Sebá', 'F')]",A. Chebbi,4-2-3-1,"[('Abdelali Mhamdi', 'G'), ('Saeed Ali', 'D'), ('Ahmad Al Hbeab', 'D'), ('Amine Attouchi', 'D'), ('Sari Amro', 'D'), ('Riyadh Sharahili', 'M'), ('Karim Aouadhi', 'M'), ('Saleh Al-Amri', 'M'), ('Abdulrahman Al-Barakah', 'M'), ('Craig Goodwin', 'M'), ('Muath Afaneh', 'F')]",,
1,635868,Al Taawon,Al-Faisaly FC,1.0,1.0,King Abdullah bin Abdulaziz City,Faisal Alblwi,1,2020-10-17T18:10:00+03:00,2020/2021,Match Finished,Abdullah Assiri,5-4-1,"[('Cássio', 'G'), ('Faisal Darwish', 'D'), ('Ahmad Asiri', 'D'), ('Iago Santos', 'D'), ('Fahad Al Hamad', 'D'), ('Hassan Kadesh', 'D'), ('Abdoulaye Sane', 'M'), ('Sandro Manoel', 'M'), ('Cedric Amissi', 'M'), ('Mitchell Duke', 'M'), ('Léandre Tawamba', 'F')]",Péricles Chamusca,4-3-3,"[('Mustafa Malaika', 'G'), ('Khaled Daghriri', 'D'), ('Raphael Silva', 'D'), ('Igor Rossi', 'D'), ('Mohammed Qassem', 'D'), ('Ahmed Atalh Alanzy', 'M'), ('Hicham Faik', 'M'), ('Alexander Merkel', 'M'), ('Khalid Al-Kaabi', 'F'), ('Júlio Tavares', 'F'), ('Ismail Omar', 'F')]",,
2,635869,Al Wehda Club,Al-Qadisiyah FC,2.0,1.0,King Abdulaziz Sports City Stadium,Khaled Salwi,1,2020-10-17T20:00:00+03:00,2020/2021,Match Finished,,4-4-2,"[('Abdullah Hussein Al Owisher', 'G'), ('Hamad Al Jayzani', 'D'), ('Alberto Botía', 'D'), ('Pedro Henrique', 'D'), ('Mohammed Al Alamri', 'D'), ('Anselmo', 'M'), ('Mohammed Al Qarni', 'M'), ('Waleed Bakshween', 'M'), ('Luisinho', 'M'), ('Jaber Assiri', 'F'), ('Hernani', 'F')]",,4-3-2-1,"[('Faisal Al-Masrahi', 'G'), ('Hamad Al Tohaifan', 'D'), ('Khalifah Aldawsari', 'D'), ('Rhys Williams', 'D'), ('Adel Al-Mawled', 'D'), ('Stanley Ohawuchi', 'M'), ('Naif Hazzazi', 'M'), ('Hassan Al-Amri', 'M'), ('Hassan Abu Sharara', 'M'), ('Danilo Asprilla', 'M'), ('Carolus Andria', 'F')]",,
3,635870,Al-Hilal Saudi FC,Al-Ain,1.0,0.0,Prince Faisal bin Fahd Stadium,Sultan Al-Harbi,1,2020-10-17T21:15:00+03:00,2020/2021,Match Finished,,4-4-2,"[('Abdullah Al-Mayouf', 'G'), ('Amiri Kurdi', 'D'), ('Mohammed Jahfali', 'D'), ('Ali Al-Boleahi', 'D'), ('Yasir Al-Shahrani', 'D'), ('Ahmed Ashraf', 'M'), ('Gustavo Cuéllar', 'M'), ('Mohamed Kanno', 'M'), ('Hattan Bahebri', 'M'), ('Sebastian Giovinco', 'F'), ('Omar Kharbin', 'F')]",,4-2-3-1,"[('Mohammed Mazyad Alshammari', 'G'), ('Hassan Al-Harbi', 'D'), ('Yahia Al-Kabie', 'D'), ('Mohammed Nahiri', 'D'), ('Saif Hussain', 'D'), ('Omar Al-Suhaymi', 'M'), ('Saeed Al-Zahrani', 'M'), ('Amadou Moutari', 'M'), ('Peter Nworah', 'M'), ('Saeed Al-Qarni', 'M'), ('Mohammad Fouad', 'F')]",,
4,635871,Al Baten,Al-Ahli Jeddah,0.0,1.0,Al-Batin FC Stadium,Khaled Al Teris,1,2020-10-18T18:00:00+03:00,2020/2021,Match Finished,José Garrido,4-3-2-1,"[('Mazyad Al Enazi', 'G'), ('Saad Al Khayri', 'D'), ('Renato Chaves', 'D'), ('Xandro Schenk', 'D'), ('Hassan Mohammed Raghfawi', 'D'), ('Dhaifallah Al-Qarni', 'M'), ('Khaleem Hyland', 'M'), ('Youssef El Jebli', 'M'), ('Yousef Al-Shammari', 'M'), ('Mohamed Rayhi', 'M'), ('Hassan Sharahili', 'F')]",V. Milojević,4-2-3-1,"[('Yasser Al-Mosailem', 'G'), ('Hassoun', 'D'), ('Mohammed Al-Khabrani', 'D'), ('Motaz Hawsawi', 'D'), ('Lucas Lima', 'D'), ('Ali Al-Asmari', 'M'), ('Driss Fettouhi', 'M'), ('Sultan Mandash', 'M'), ('Marko Marin', 'M'), ('Salman Al-Muwashar', 'M'), ('Omar Al-Soma', 'F')]",,
5,635872,Al-Nassr,Al-Fateh,1.0,2.0,Prince Faisal bin Fahd Stadium,Majed Al Shamrani,1,2020-10-18T18:00:00+03:00,2020/2021,Match Finished,Rui Vitória,4-2-3-1,"[('Brad Jones', 'G'), ('Osama Al Khalaf', 'D'), ('Maicon', 'D'), ('Abdullah Madu', 'D'), ('Jin-su Kim', 'D'), ('Abdullah Alkhaibari', 'M'), ('Abdulmajeed Al-Sulaiheem', 'M'), ('Nordin Amrabat', 'M'), ('Gonzalo Martinez', 'M'), ('Khalid Al-Ghannam', 'M'), ('Abdulfattah Adam Mohammed', 'F')]",Y. Ferrera,4-4-2,"[('Maksym Koval', 'G'), ('Nawaf Boushal', 'D'), ('Amaar Al Dohaim', 'D'), ('Marwane Saadane', 'D'), ('Hassan Al-Habib', 'D'), ('Mourad Batna', 'M'), ('Ali Al-Zaqan', 'M'), ('Mohammed Al-Fuhaid', 'M'), ('Tawfiq Buhumaid', 'M'), ('Mitchell Te Vrede', 'F'), ('Sofiane Bendebka', 'F')]",,
6,635873,Dhamk,Al-Raed,2.0,3.0,Prince Sultan bin Abdulaziz Sports City Stadium,Shukri Al Hanfosh,1,2020-10-18T18:20:00+03:00,2020/2021,Match Finished,N. Zekri,4-2-3-1,"[('Moustapha Zeghba', 'G'), ('Tariq Mohammed', 'D'), ('Farouk Chafaï', 'D'), ('Cristian Lema', 'D'), ('Abdulrahman Khalid Al Rio', 'D'), ('Abdullah Khtab', 'M'), ('Ayman Al-Hujaili', 'M'), ('Ibrahim Chenihi', 'M'), ('Bilel Saidani', 'M'), ('Mohammed Harzan Mohsen', 'M'), ('Emilio Zelaya', 'F')]",B. Hasi,4-3-3,"[('Ahmad Al Harbi', 'G'), ('Mohammed Al-Dosari', 'D'), ('Aqel Al-Sahbi', 'D'), ('Nemanja Miletić', 'D'), ('Abdullah Al-Fahad', 'D'), ('Arnaud Djoum', 'M'), ('Jalal Daoudi', 'M'), ('Sultan Farhan', 'M'), ('Abdullah Almogren', 'F'), ('Mohamed Al-Sahli', 'F'), ('Ahmad Zain', 'F')]",,
7,635874,Al-Ittihad FC,Al-Ettifaq,1.0,2.0,King Abdullah Sports City,Turki Al Khudair,1,2020-10-18T20:00:00+03:00,2020/2021,Match Finished,Fábio Carille,4-4-2,"[('Marcelo Grohe', 'G'), ('Saud Abdulhamid', 'D'), ('Ziyad Al-Sahafi', 'D'), ('Bruno Uvini', 'D'), ('Hamdan Al-Shamrani', 'D'), ('Abdulrahman Alobud', 'M'), ('Karim El Ahmadi', 'M'), ('Bruno Henrique', 'M'), ('Fahad Al Muwallad', 'M'), ('Romarinho', 'F'), ('Abdulaziz Al-Bishi', 'F')]",Khaled Al Atawi,4-4-2,"[(""Raïs M'Bolhi"", 'G'), ('Saleh Al Qumayzi', 'D'), ('Saeed Al-Rabiei', 'D'), ('Karol Mets', 'D'), ('Ail Fuad', 'D'), ('Alhwsawi Sanousi Mohammed', 'M'), ('Filip Kiss', 'M'), ('Souza', 'M'), ('Hazzaa Al-Hazzaa', 'M'), ('Souleymane Doukara', 'F'), ('Abdullah Al-Salem', 'F')]",,
8,635875,Abha,Al-Hilal Saudi FC,1.0,1.0,Prince Sultan bin Abdulaziz Sports City Stadium,Majed Al Shamrani,2,2020-10-22T15:40:00+03:00,2020/2021,Match Finished,A. Chebbi,4-2-3-1,"[('Abdelali Mhamdi', 'G'), ('Saeed Al Hamsal', 'D'), ('Mehdi Tahrat', 'D'), ('Amine Attouchi', 'D'), ('Sari Amro', 'D'), ('Karim Aouadhi', 'M'), ('Riyadh Sharahili', 'M'), ('Saleh Al-Amri', 'M'), ('Saad Bguir', 'M'), ('Craig Goodwin', 'M'), ('Carlos Strandberg', 'F')]",R. Lucescu,4-2-3-1,"[('Abdullah Al-Mayouf', 'G'), ('Mohammed Al-Burayk', 'D'), ('Hyun Soo Jang', 'D'), ('Ali Al-Boleahi', 'D'), ('Yasir Al-Shahrani', 'D'), ('Mohamed Kanno', 'M'), ('Gustavo Cuéllar', 'M'), ('André Carrillo', 'M'), ('Sebastian Giovinco', 'M'), ('Ahmed Ashraf', 'M'), ('Saleh Al-Shehri', 'F')]",,
9,635876,Al Taawon,Al-Nassr,1.0,0.0,King Abdullah bin Abdulaziz City,Mohammed Al Hoaish,2,2020-10-22T18:05:00+03:00,2020/2021,Match Finished,Abdullah Assiri,4-2-3-1,"[('Cássio', 'G'), ('Yaseen Barnawi', 'D'), ('Ahmad Asiri', 'D'), ('Iago Santos', 'D'), ('Ibrahim Al Zubaidi', 'D'), ('Ryan Al-Mousa', 'M'), ('Sandro Manoel', 'M'), ('Mitchell Duke', 'M'), ('Cedric Amissi', 'M'), ('Abdullah Al-Jawaey', 'M'), ('Léandre Tawamba', 'F')]",Rui Vitória,4-2-3-1,"[('Brad Jones', 'G'), ('Jin-su Kim', 'D'), ('Abdulelah Alamri', 'D'), ('Abdullah Madu', 'D'), ('Abdulrahman Al-Obaid', 'D'), ('Ali Mukhtar', 'M'), ('Abdulmajeed Al-Sulaiheem', 'M'), ('Ayman Yahya', 'M'), ('Ali Al-Hassan', 'M'), ('Khalid Al-Ghannam', 'M'), ('Ahmed Musa', 'F')]",,
10,635877,Al-Ahli Jeddah,Al Wehda Club,1.0,0.0,King Abdullah Sports City,Turki Al Khudair,2,2020-10-22T19:55:00+03:00,2020/2021,Match Finished,V. Milojević,4-2-3-1,"[('Mohammed Al Yami', 'G'), ('Hassoun', 'D'), ('Mohammed Al-Khabrani', 'D'), ('Motaz Hawsawi', 'D'), ('Lucas Lima', 'D'), ('Ljubomir Fejsa', 'M'), ('Driss Fettouhi', 'M'), ('Hassan Al Qaid', 'M'), ('Marko Marin', 'M'), ('Salman Al-Muwashar', 'M'), ('Omar Al-Soma', 'F')]",Ivo Vieira,4-2-3-1,"[('Abdullah Hussein Al Owisher', 'G'), ('Hamad Al Jayzani', 'D'), ('Alberto Botía', 'D'), ('Pedro Henrique', 'D'), ('Mohammed Al Alamri', 'D'), ('Waleed Bakshween', 'M'), ('Mohammed Al Qarni', 'M'), ('Hernani', 'M'), ('Anselmo', 'M'), ('Luisinho', 'M'), ('Youssouf Niakate', 'F')]",,
11,635878,Al-Qadisiyah FC,Dhamk,2.0,1.0,Prince Saud bin Jalawi Stadium,Faisal Alblwi,2,2020-10-23T17:40:00+03:00,2020/2021,Match Finished,Y. Al Mannai,4-3-3,"[('Faisal Al-Masrahi', 'G'), ('Hamad Al Tohaifan', 'D'), ('Khalifah Aldawsari', 'D'), ('Rhys Williams', 'D'), ('Adel Al-Mawled', 'D'), ('Hassan Abu Sharara', 'M'), ('Edson', 'M'), ('Mihai Bordeianu', 'M'), ('Danilo Asprilla', 'F'), ('Carolus Andria', 'F'), ('Stanley Ohawuchi', 'F')]",N. Zekri,4-1-4-1,"[('Moustapha Zeghba', 'G'), ('Tariq Mohammed', 'D'), ('Farouk Chafaï', 'D'), ('Ibrahim Alnakhli', 'D'), ('Abdulrahman Khalid Al Rio', 'D'), ('Mohanad Al Najai', 'M'), ('Ibrahim Chenihi', 'M'), ('Bilel Saidani', 'M'), ('Ayman Al-Hujaili', 'M'), ('Mohammed Harzan Mohsen', 'M'), ('Emilio Zelaya', 'F')]",,
12,635879,Al-Raed,Al Shabab,2.0,2.0,King Abdullah bin Abdulaziz City,Sultan Al-Harbi,2,2020-10-23T18:05:00+03:00,2020/2021,Match Finished,B. Hasi,3-5-2,"[('Azzedine Doukha', 'G'), ('Aqel Al-Sahbi', 'D'), ('Nemanja Miletić', 'D'), ('Abdullah Al-Fahad', 'D'), ('Mohammed Al-Dosari', 'M'), ('Sultan Farhan', 'M'), ('Jalal Daoudi', 'M'), ('Arnaud Djoum', 'M'), ('Ahmad Zain', 'M'), ('Mohamed Al-Sahli', 'F'), ('Abdullah Almogren', 'F')]",Pedro Caixinha,4-5-1,"[('Giedrius Arlauskis', 'G'), ('Khaled Al-Ghamdi', 'D'), ('Igor Lichnovsky', 'D'), ('Ahmed Sharahili', 'D'), ('Abdullah Al Shamekh', 'D'), ('Cristian Guanca', 'M'), ('Mohammed Salem', 'M'), (""Alfred N'Diaye"", 'M'), ('Éver Banega', 'M'), ('Fábio Martins', 'M'), ('Makhete Diop', 'F')]",,
13,635880,Al-Faisaly FC,Al Baten,2.0,1.0,Al Majma'ah Sports City Stadium,Shukri Al Hanfosh,2,2020-10-23T19:55:00+03:00,2020/2021,Match Finished,,4-3-3,"[('Mustafa Malaika', 'G'), ('Khaled Daghriri', 'D'), ('Raphael Silva', 'D'), ('Igor Rossi', 'D'), ('Mohammed Qassem', 'D'), ('Ahmed Atalh Alanzy', 'M'), ('Alexander Merkel', 'M'), ('Abdulaziz Al-Shereid', 'M'), ('Khalid Al-Kaabi', 'F'), ('Júlio Tavares', 'F'), ('Ismail Omar', 'F')]",,4-3-2-1,"[('Mazyad Al Enazi', 'G'), ('Saad Al Khayri', 'D'), ('Renato Chaves', 'D'), ('Xandro Schenk', 'D'), ('Hassan Mohammed Raghfawi', 'D'), ('Dhaifallah Al-Qarni', 'M'), ('Khaleem Hyland', 'M'), ('Youssef El Jebli', 'M'), ('Abdalmajeed Obaid', 'M'), ('Mohamed Rayhi', 'M'), ('Hassan Sharahili', 'F')]",,
14,635881,Al-Ettifaq,Al-Ain,2.0,1.0,Prince Mohamed bin Fahd Stadium,Mohammed Al Qarni,2,2020-10-24T17:40:00+03:00,2020/2021,Match Finished,Khaled Al Atawi,4-3-2-1,"[(""Raïs M'Bolhi"", 'G'), ('Saleh Al Qumayzi', 'D'), ('Abdullah Khateeb', 'D'), ('Karol Mets', 'D'), ('Ail Fuad', 'D'), ('Filip Kiss', 'M'), ('Souza', 'M'), ('Hazzaa Al-Hazzaa', 'M'), ('Souleymane Doukara', 'M'), ('Naïm Sliti', 'M'), ('Abdullah Al-Salem', 'F')]",M. Skibbe,4-2-3-1,"[('Mohammed Mazyad Alshammari', 'G'), ('Mohammed Al-Shoraimi', 'D'), ('Hassan Al-Harbi', 'D'), ('Saif Hussain', 'D'), ('Yahia Al-Kabie', 'D'), ('Saphir Taïder', 'M'), ('Mohammed Nahiri', 'M'), ('Amadou Moutari', 'M'), ('Saeed Al-Zahrani', 'M'), ('Mohammad Fouad', 'M'), ('Getterson', 'F')]",,
15,635882,Al-Fateh,Al-Ittihad FC,2.0,2.0,Prince Abdullah bin Jalawi Sports City Stadium,Khaled Al Teris,2,2020-10-24T19:55:00+03:00,2020/2021,Match Finished,,4-4-2,"[('Maksym Koval', 'G'), ('Nawaf Boushal', 'D'), ('Amaar Al Dohaim', 'D'), ('Marwane Saadane', 'D'), ('Tawfiq Buhumaid', 'D'), ('Mourad Batna', 'M'), ('Sofiane Bendebka', 'M'), ('Mohammed Al-Fuhaid', 'M'), ('Ali Al-Zaqan', 'M'), ('Mitchell Te Vrede', 'F'), ('Hassan Al-Habib', 'F')]",,4-4-2,"[('Marcelo Grohe', 'G'), ('Saud Abdulhamid', 'D'), ('Ziyad Al-Sahafi', 'D'), ('Abdulmohsen Fallatah', 'D'), ('Hamdan Al-Shamrani', 'D'), ('Abdulaziz Al-Bishi', 'M'), ('Bruno Henrique', 'M'), ('Karim El Ahmadi', 'M'), ('Fahad Al Muwallad', 'M'), ('Romarinho', 'F'), ('Aleksandar Prijović', 'F')]",,
16,635883,Al Baten,Al-Raed,2.0,1.0,Al-Batin FC Stadium,Khaled Salwi,3,2020-10-29T16:50:00+03:00,2020/2021,Match Finished,José Garrido,4-2-3-1,"[('Martín Campaña', 'G'), ('Saad Al Khayri', 'D'), ('Renato Chaves', 'D'), ('Xandro Schenk', 'D'), ('Abdulmalek Al-Shammary', 'D'), ('Zakaria Al-Sudani', 'M'), ('Khaleem Hyland', 'M'), ('Youssef El Jebli', 'M'), ('Abdulaziz Damdam', 'M'), ('Mohamed Rayhi', 'M'), ('Fabio Abreu', 'F')]",B. Hasi,3-5-2,"[('Azzedine Doukha', 'G'), ('Aqel Al-Sahbi', 'D'), ('Nemanja Miletić', 'D'), ('Abdullah Al-Fahad', 'D'), ('Awdh Faraj', 'M'), ('Sultan Farhan', 'M'), ('Jalal Daoudi', 'M'), ('Arnaud Djoum', 'M'), ('Ahmad Zain', 'M'), ('Mohamed Al-Sahli', 'F'), ('Karim El Berkaoui', 'F')]",,
17,635884,Al-Qadisiyah FC,Al Taawon,1.0,0.0,Prince Saud bin Jalawi Stadium,Raed Al Zahrani,3,2020-10-29T18:50:00+03:00,2020/2021,Match Finished,Y. Al Mannai,4-3-3,"[('Faisal Al-Masrahi', 'G'), ('Hamad Al Tohaifan', 'D'), ('Uroš Vitas', 'D'), ('Rhys Williams', 'D'), ('Khalifah Aldawsari', 'D'), ('Abdulmohsen Al-Qahtani', 'M'), ('Edson', 'M'), ('Hassan Abu Sharara', 'M'), ('Carolus Andria', 'F'), ('Mihai Bordeianu', 'F'), ('Danilo Asprilla', 'F')]",Abdullah Assiri,4-2-3-1,"[('Hussein Shaian', 'G'), ('Yaseen Barnawi', 'D'), ('Ahmad Asiri', 'D'), ('Fahad Al Hamad', 'D'), ('Hassan Kadesh', 'D'), ('Mutair Al Zahrani', 'M'), ('Mohammed Abusabaan', 'M'), ('Mitchell Duke', 'M'), ('Faisal Darwish', 'M'), ('Abdullah Al-Jawaey', 'M'), ('Léandre Tawamba', 'F')]",,
18,635885,Al-Ain,Al-Fateh,2.0,4.0,King Saud Sport City Stadium,Mohammed Alharbi,3,2020-10-30T14:40:00+03:00,2020/2021,Match Finished,M. Skibbe,4-2-3-1,"[('Mohammed Mazyad Alshammari', 'G'), ('Mohammed Al-Shoraimi', 'D'), ('Hassan Al-Harbi', 'D'), ('Saif Hussain', 'D'), ('Yahia Al-Kabie', 'D'), ('Filip Bradarić', 'M'), ('Mohammed Nahiri', 'M'), ('Amadou Moutari', 'M'), ('Juanpi Añor', 'M'), ('Mohammad Fouad', 'M'), ('Getterson', 'F')]",Y. Ferrera,4-2-3-1,"[('Maksym Koval', 'G'), ('Nawaf Boushal', 'D'), ('Amaar Al Dohaim', 'D'), ('Fahd Mohammed Al-Harbi', 'D'), ('Tawfiq Buhumaid', 'D'), ('Majed Omar Kanabah', 'M'), ('Mohammed Al-Fuhaid', 'M'), ('Mourad Batna', 'M'), ('Hassan Al-Habib', 'M'), ('Ali Al-Zaqan', 'M'), ('Saša Jovanović', 'F')]",,
19,635886,Al Wehda Club,Al-Faisaly FC,1.0,2.0,King Abdulaziz Sports City Stadium,Khaled Al Teris,3,2020-10-30T18:50:00+03:00,2020/2021,Match Finished,,4-2-3-1,"[('Abdullah Hussein Al Owisher', 'G'), ('Ali Alzubaidi', 'D'), ('Alberto Botía', 'D'), ('Pedro Henrique', 'D'), ('Mohammed Al Alamri', 'D'), ('Anselmo', 'M'), ('Mohammed Al Qarni', 'M'), ('Hernani', 'M'), ('Dimitri Petratos', 'M'), ('Luisinho', 'M'), ('Youssouf Niakate', 'F')]",,4-3-3,"[('Ahmed Al-Kassar', 'G'), ('Khaled Daghriri', 'D'), ('Waleed Al-Ahmed', 'D'), ('Igor Rossi', 'D'), ('Mohammed Qassem', 'D'), ('Ahmed Atallah Alanzy', 'M'), ('Hicham Faik', 'M'), ('Abdulaziz Al-Shereid', 'M'), ('Ahmed Ashraf', 'F'), ('Júlio Tavares', 'F'), ('Guilherme Augusto', 'F')]",,
20,635887,Al-Hilal Saudi FC,Dhamk,2.0,0.0,Prince Faisal bin Fahd Stadium,Turki Al Khudair,3,2020-10-31T16:50:00+03:00,2020/2021,Match Finished,R. Lucescu,4-2-3-1,"[('Abdullah Al-Mayouf', 'G'), ('Mohammed Al-Burayk', 'D'), ('Hyun Soo Jang', 'D'), ('Mohammed Jahfali', 'D'), ('Yasir Al-Shahrani', 'D'), ('Salman Al-Faraj', 'M'), ('Gustavo Cuéllar', 'M'), ('André Carrillo', 'M'), ('Sebastian Giovinco', 'M'), ('Salem Al-Dawsari', 'M'), ('Bafetimbi Gomis', 'F')]",N. Zekri,4-1-4-1,"[('Moustapha Zeghba', 'G'), ('Tariq Mohammed', 'D'), ('Farouk Chafaï', 'D'), ('Abdullah Al-Amar', 'D'), ('Cristian Lema', 'D'), ('Sergio Vittor', 'M'), ('Ibrahim Chenihi', 'M'), ('Bilel Saidani', 'M'), ('Mohmad Atiah', 'M'), ('Mohammed Harzan Mohsen', 'M'), ('Emilio Zelaya', 'F')]",,
21,635888,Abha,Al-Ettifaq,3.0,2.0,Prince Sultan bin Abdulaziz Sports City Stadium,Faisal Alblwi,3,2020-10-31T17:15:00+03:00,2020/2021,Match Finished,A. Chebbi,4-2-3-1,"[('Abdelali Mhamdi', 'G'), ('Saeed Al Hamsal', 'D'), ('Mehdi Tahrat', 'D'), ('Amine Attouchi', 'D'), ('Saeed Ali', 'D'), ('Karim Aouadhi', 'M'), ('Riyadh Sharahili', 'M'), ('Saleh Al-Amri', 'M'), ('Saad Bguir', 'M'), ('Craig Goodwin', 'M'), ('Carlos Strandberg', 'F')]",Khaled Al Atawi,4-3-2-1,"[(""Raïs M'Bolhi"", 'G'), ('Saleh Al Qumayzi', 'D'), ('Saeed Al-Rabiei', 'D'), ('Karol Mets', 'D'), ('Ail Fuad', 'D'), ('Filip Kiss', 'M'), ('Souza', 'M'), ('Hazzaa Al-Hazzaa', 'M'), ('Souleymane Doukara', 'M'), ('Naïm Sliti', 'M'), ('Walid Azarou', 'F')]",,
22,635889,Al-Ittihad FC,Al-Ahli Jeddah,2.0,0.0,King Abdullah Sports City,Majed Al Shamrani,3,2020-10-31T18:50:00+03:00,2020/2021,Match Finished,,4-4-2,"[('Marcelo Grohe', 'G'), ('Saud Abdulhamid', 'D'), ('Ziyad Al-Sahafi', 'D'), ('Hassan Al-Asmari', 'D'), ('Hamdan Al-Shamrani', 'D'), ('Abdulaziz Al-Bishi', 'M'), ('Bruno Henrique', 'M'), ('Karim El Ahmadi', 'M'), ('Garry Rodrigues', 'M'), ('Romarinho', 'F'), ('Fahad Al Muwallad', 'F')]",,4-2-3-1,"[('Yasser Al-Mosailem', 'G'), ('Hassoun', 'D'), ('Mohammed Al-Khabrani', 'D'), ('Motaz Hawsawi', 'D'), ('Lucas Lima', 'D'), ('Ljubomir Fejsa', 'M'), ('Driss Fettouhi', 'M'), ('Salman Al-Muwashar', 'M'), ('Hussain Al Moqahwi', 'M'), ('Alexandru Mitriță', 'M'), ('Omar Al-Soma', 'F')]",,
23,635890,Al Shabab,Al-Nassr,2.0,1.0,Prince Faisal bin Fahd Stadium,Shukri Al Hanfosh,3,2020-11-01T18:50:00+03:00,2020/2021,Match Finished,Pedro Caixinha,3-4-2-1,"[('Giedrius Arlauskis', 'G'), ('Mohammed Salem', 'D'), ('Igor Lichnovsky', 'D'), ('Ahmed Sharahili', 'D'), ('Fawaz Al-Sagour', 'M'), (""Alfred N'Diaye"", 'M'), ('Éver Banega', 'M'), ('Abdullah Al Shamekh', 'M'), ('Cristian Guanca', 'F'), ('Fábio Martins', 'F'), ('Makhete Diop', 'F')]",Rui Vitória,4-2-3-1,"[('Brad Jones', 'G'), ('Osama Al Khalaf', 'D'), ('Ali Al-Oujami', 'D'), ('Abdulelah Alamri', 'D'), ('Jin-su Kim', 'D'), ('Petros', 'M'), ('Ali Mukhtar', 'M'), ('Gonzalo Martinez', 'M'), ('Ali Al-Hassan', 'M'), ('Yahia Al-Shehri', 'M'), ('Raed Al-Ghamdi', 'F')]",,
24,635891,Al Wehda Club,Al-Raed,2.0,3.0,King Abdulaziz Sports City Stadium,Majed Al Shamrani,4,2020-11-05T18:45:00+03:00,2020/2021,Match Finished,,4-2-3-1,"[('Abdullah Hussein Al Owisher', 'G'), ('Ali Alzubaidi', 'D'), ('Alberto Botía', 'D'), ('Pedro Henrique', 'D'), ('Hamad Al Jayzani', 'D'), ('Waleed Bakshween', 'M'), ('Mohammed Al Qarni', 'M'), ('Hernani', 'M'), ('Anselmo', 'M'), ('Hussain Ahmed Al Issa', 'M'), ('Youssouf Niakate', 'F')]",,3-5-2,"[('Azzedine Doukha', 'G'), ('Nemanja Miletić', 'D'), ('Abdullah Al-Fahad', 'D'), ('Hussain Al-Showaish', 'D'), ('Aqel Al-Sahbi', 'M'), ('Abdullah Magrshi', 'M'), ('Jalal Daoudi', 'M'), ('Abdullah Almogren', 'M'), ('Awdh Faraj', 'M'), ('Karim El Berkaoui', 'F'), ('Nemanja Nikolic', 'F')]",,
25,635892,Dhamk,Al-Faisaly FC,0.0,0.0,Prince Sultan bin Abdulaziz Sports City Stadium,Sultan Al-Harbi,4,2020-11-06T14:35:00+03:00,2020/2021,Match Finished,N. Zekri,4-1-4-1,"[('Moustapha Zeghba', 'G'), ('Tariq Mohammed', 'D'), ('Farouk Chafaï', 'D'), ('Cristian Lema', 'D'), ('Abdullah Al-Amar', 'D'), ('Sergio Vittor', 'M'), ('Mansour Hamzi', 'M'), ('Bilel Saidani', 'M'), ('Mohmad Atiah', 'M'), ('Mohammed Harzan Mohsen', 'M'), ('Emilio Zelaya', 'F')]",Péricles Chamusca,4-3-3,"[('Ahmed Al-Kassar', 'G'), ('Khaled Daghriri', 'D'), ('Waleed Al-Ahmed', 'D'), ('Igor Rossi', 'D'), ('Mohmmed Al-Nukhylan', 'D'), ('Alexander Merkel', 'M'), ('Abdulaziz Al-Shereid', 'M'), ('Ismail Omar', 'M'), ('Ahmed Ashraf', 'F'), ('Júlio Tavares', 'F'), ('Guilherme Augusto', 'F')]",,
26,635893,Al-Ettifaq,Al-Hilal Saudi FC,0.0,2.0,Prince Saud bin Jalawi Stadium,Khaled Al Teris,4,2020-11-06T16:30:00+03:00,2020/2021,Match Finished,Khaled Al Atawi,4-3-2-1,"[(""Raïs M'Bolhi"", 'G'), ('Alhwsawi Sanousi Mohammed', 'D'), ('Saeed Al-Rabiei', 'D'), ('Karol Mets', 'D'), ('Abdullah Khateeb', 'D'), ('Saad Alselouli', 'M'), ('Souza', 'M'), ('Filip Kiss', 'M'), ('Souleymane Doukara', 'M'), ('Naïm Sliti', 'M'), ('Walid Azarou', 'F')]",R. Lucescu,4-2-3-1,"[('Abdullah Al-Mayouf', 'G'), ('Mohammed Al-Burayk', 'D'), ('Hyun Soo Jang', 'D'), ('Ali Al-Boleahi', 'D'), ('Yasir Al-Shahrani', 'D'), ('Salman Al-Faraj', 'M'), ('Gustavo Cuéllar', 'M'), ('André Carrillo', 'M'), ('Sebastian Giovinco', 'M'), ('Salem Al-Dawsari', 'M'), ('Bafetimbi Gomis', 'F')]",,
27,635894,Al Baten,Abha,3.0,0.0,Al-Batin FC Stadium,Mohammed Al Esmaiel,4,2020-11-06T16:45:00+03:00,2020/2021,Match Finished,José Garrido,4-2-3-1,"[('Martín Campaña', 'G'), ('Saad Al Khayri', 'D'), ('Renato Chaves', 'D'), ('Xandro Schenk', 'D'), ('Hassan Mohammed Raghfawi', 'D'), ('Dhaifallah Al-Qarni', 'M'), ('Zakaria Al-Sudani', 'M'), ('Mohamed Rayhi', 'M'), ('Youssef El Jebli', 'M'), ('Yousef Al-Shammari', 'M'), ('Fabio Abreu', 'F')]",A. Chebbi,4-2-3-1,"[('Abdelali Mhamdi', 'G'), ('Saeed Al Hamsal', 'D'), ('Mehdi Tahrat', 'D'), ('Amine Attouchi', 'D'), ('Saeed Ali', 'D'), ('Karim Aouadhi', 'M'), ('Abdulrahman Al-Barakah', 'M'), ('Saleh Al-Amri', 'M'), ('Saad Bguir', 'M'), ('Craig Goodwin', 'M'), ('Muath Afaneh', 'F')]",,
28,635895,Al-Ittihad FC,Al Taawon,1.0,1.0,King Abdullah Sports City,Mohammed Al Qarni,4,2020-11-06T18:45:00+03:00,2020/2021,Match Finished,,4-4-2,"[('Marcelo Grohe', 'G'), ('Saud Abdulhamid', 'D'), ('Ziyad Al-Sahafi', 'D'), ('Ahmed Hegazy', 'D'), ('Hamdan Al-Shamrani', 'D'), ('Abdulaziz Al-Bishi', 'M'), ('Bruno Henrique', 'M'), ('Karim El Ahmadi', 'M'), ('Garry Rodrigues', 'M'), ('Romarinho', 'F'), ('Abdulelah Al Malki', 'F')]",,4-2-3-1,"[('Hussein Shaian', 'G'), ('Yaseen Barnawi', 'D'), ('Fahad Al Hamad', 'D'), ('Nawaf Al-Sabhi', 'D'), ('Hassan Kadesh', 'D'), ('Ryan Al-Mousa', 'M'), ('Sandro Manoel', 'M'), ('Mitchell Duke', 'M'), ('Ali Alnemer', 'M'), ('Abdullah Al-Jawaey', 'M'), ('Mohammed Al Sahlawi', 'F')]",,
29,635896,Al-Ain,Al-Ahli Jeddah,3.0,4.0,King Saud Sport City Stadium,Abdullah Al-Shehri,4,2020-11-07T14:35:00+03:00,2020/2021,Match Finished,,4-2-3-1,"[('Ameen Bokhari', 'G'), ('Mohammed Al-Shoraimi', 'D'), ('Hassan Al-Harbi', 'D'), ('Mohammed Nahiri', 'D'), ('Saif Hussain', 'D'), ('Filip Bradarić', 'M'), ('Saphir Taïder', 'M'), ('Amadou Moutari', 'M'), ('Juanpi Añor', 'M'), ('Mohammad Fouad', 'M'), ('Getterson', 'F')]",V. Milojević,4-2-3-1,"[('Yasser Al-Mosailem', 'G'), ('Hassoun', 'D'), ('Mohammed Al-Khabrani', 'D'), ('Motaz Hawsawi', 'D'), ('Lucas Lima', 'D'), ('Ljubomir Fejsa', 'M'), ('Nouh Al-Mousa', 'M'), ('Samuel Owusu', 'M'), ('Driss Fettouhi', 'M'), ('Alexandru Mitriță', 'M'), ('Omar Al-Soma', 'F')]",,
30,635897,Al-Fateh,Al Shabab,1.0,3.0,Prince Abdullah bin Jalawi Sports City Stadium,Faisal Alblwi,4,2020-11-07T16:35:00+03:00,2020/2021,Match Finished,Y. Ferrera,4-2-3-1,"[('Maksym Koval', 'G'), ('Nawaf Boushal', 'D'), ('Amaar Al Dohaim', 'D'), ('Fahd Mohammed Al-Harbi', 'D'), ('Tawfiq Buhumaid', 'D'), ('Majed Omar Kanabah', 'M'), ('Sofiane Bendebka', 'M'), ('Mohammed Al Saeed', 'M'), ('Mohammed Al-Fuhaid', 'M'), ('Gustav Wikheim', 'M'), ('Mourad Batna', 'F')]",Pedro Caixinha,3-4-2-1,"[('Giedrius Arlauskis', 'G'), ('Mohammed Salem', 'D'), ('Igor Lichnovsky', 'D'), ('Ahmed Sharahili', 'D'), ('Fawaz Al-Sagour', 'M'), (""Alfred N'Diaye"", 'M'), ('Éver Banega', 'M'), ('Abdullah Al Shamekh', 'M'), ('Cristian Guanca', 'F'), ('Fábio Martins', 'F'), ('Makhete Diop', 'F')]",,
31,635898,Al-Nassr,Al-Qadisiyah FC,2.0,0.0,Prince Faisal bin Fahd Stadium,Turki Al Khudair,4,2020-11-07T18:45:00+03:00,2020/2021,Match Finished,Rui Vitória,4-2-3-1,"[('Brad Jones', 'G'), ('Osama Al Khalaf', 'D'), ('Ali Al-Oujami', 'D'), ('Abdulelah Alamri', 'D'), ('Abdulrahman Al-Obaid', 'D'), ('Abdulmajeed Al-Sulaiheem', 'M'), ('Ali Mukhtar', 'M'), ('Ayman Yahya', 'M'), ('Ali Al-Hassan', 'M'), ('Raed Al-Ghamdi', 'M'), ('Firas Albirakan', 'F')]",Y. Al Mannai,4-1-4-1,"[('Faisal Al-Masrahi', 'G'), ('Hamad Al Tohaifan', 'D'), ('Uroš Vitas', 'D'), ('Rhys Williams', 'D'), ('Khalifah Aldawsari', 'D'), ('Edson', 'M'), ('Abdulmohsen Al-Qahtani', 'M'), ('Hassan Abu Sharara', 'M'), ('Mihai Bordeianu', 'M'), ('Stanley Ohawuchi', 'M'), ('Carolus Andria', 'F')]",,
32,635900,Al-Raed,Abha,2.0,1.0,King Abdullah bin Abdulaziz City,Shukri Al Hanfosh,5,2020-11-23T14:15:00+03:00,2020/2021,Match Finished,B. Hasi,3-5-2,"[('Ahmad Al Harbi', 'G'), ('Nemanja Miletić', 'D'), ('Abdullah Al-Fahad', 'D'), ('Khalid Al-Khathlan', 'D'), ('Aqel Al-Sahbi', 'M'), ('Sultan Farhan', 'M'), ('Mohammed Fouzair', 'M'), ('Arnaud Djoum', 'M'), ('Ahmad Zain', 'M'), ('Karim El Berkaoui', 'F'), ('Nemanja Nikolic', 'F')]",A. Chebbi,4-2-3-1,"[('Abdelali Mhamdi', 'G'), ('Fahad Bin Jumayah', 'D'), ('Mehdi Tahrat', 'D'), ('Ahmad Al Hbeab', 'D'), ('Saeed Ali', 'D'), ('Karim Aouadhi', 'M'), ('Riyadh Sharahili', 'M'), ('Saleh Al-Amri', 'M'), ('Saad Bguir', 'M'), ('Craig Goodwin', 'M'), ('Carlos Strandberg', 'F')]",,
33,635899,Dhamk,Al-Ain,0.0,2.0,Prince Sultan bin Abdulaziz Sports City Stadium,Ahmad Al Rumaikhani,5,2020-11-23T14:30:00+03:00,2020/2021,Match Finished,N. Zekri,4-1-4-1,"[('Moustapha Zeghba', 'G'), ('Tariq Mohammed', 'D'), ('Farouk Chafaï', 'D'), ('Cristian Lema', 'D'), ('Abdullah Al-Amar', 'D'), ('Sergio Vittor', 'M'), ('Mansour Hamzi', 'M'), ('Ibrahim Chenihi', 'M'), ('Mohmad Atiah', 'M'), ('Ayman Al-Hujaili', 'M'), ('Emilio Zelaya', 'F')]",M. Skibbe,3-5-2,"[('Ameen Bokhari', 'G'), ('Hassan Al-Harbi', 'D'), ('Bastos', 'D'), ('Saif Hussain', 'D'), ('Mohammed Al-Shoraimi', 'M'), ('Filip Bradarić', 'M'), ('Saphir Taïder', 'M'), ('Mohammed Nahiri', 'M'), ('Nawwaf Al Harthi', 'M'), ('Faisal Al-Jamaan', 'F'), ('Getterson', 'F')]",,
34,635902,Al-Qadisiyah FC,Al Baten,2.0,2.0,Prince Mohamed bin Fahd Stadium,Abdullah Al-Harbi,5,2020-11-23T16:25:00+03:00,2020/2021,Match Finished,Y. Al Mannai,4-1-4-1,"[('Faisal Al-Masrahi', 'G'), ('Hamad Al Tohaifan', 'D'), ('Uroš Vitas', 'D'), ('Rhys Williams', 'D'), ('Abdi Faris', 'D'), ('Edson', 'M'), ('Stanley Ohawuchi', 'M'), ('Mansour Al-Najar', 'M'), ('Mihai Bordeianu', 'M'), ('Hassan Al-Amri', 'M'), ('Abdullah Alhdheriti', 'F')]",José Garrido,4-2-3-1,"[('Martín Campaña', 'G'), ('Saad Al Khayri', 'D'), ('Renato Chaves', 'D'), ('Xandro Schenk', 'D'), ('Hassan Mohammed Raghfawi', 'D'), ('Zakaria Al-Sudani', 'M'), ('Khaleem Hyland', 'M'), ('Mohamed Rayhi', 'M'), ('Yousef Al-Shammari', 'M'), ('Youssef El Jebli', 'M'), ('Fabio Abreu', 'F')]",,
35,635906,Al-Faisaly FC,Al-Ittihad FC,1.0,1.0,Al Majma'ah Sports City Stadium,Faisal Alblwi,5,2020-11-23T16:45:00+03:00,2020/2021,Match Finished,Péricles Chamusca,4-2-3-1,"[('Mustafa Malaika', 'G'), ('Khaled Daghriri', 'D'), ('Raphael Silva', 'D'), ('Igor Rossi', 'D'), ('Mohammed Qassem', 'D'), ('Alexander Merkel', 'M'), ('Hicham Faik', 'M'), ('Ahmed Ashraf', 'M'), ('Romain Amalfitano', 'M'), ('Guilherme Augusto', 'M'), ('Júlio Tavares', 'F')]",Fábio Carille,4-4-2,"[('Marcelo Grohe', 'G'), ('Saud Abdulhamid', 'D'), ('Omar Hawsawi', 'D'), ('Ahmed Hegazy', 'D'), ('Muhannad Alshanqeeti', 'D'), ('Abdulaziz Al-Bishi', 'M'), ('Bruno Henrique', 'M'), ('Abdulelah Al Malki', 'M'), ('Garry Rodrigues', 'M'), ('Romarinho', 'F'), ('Aleksandar Prijović', 'F')]",,
36,635901,Al-Ahli Jeddah,Al Shabab,2.0,2.0,King Abdullah Sports City,Mohammed Al Hoaish,5,2020-11-23T17:15:00+03:00,2020/2021,Match Finished,V. Milojević,4-2-3-1,"[('Mohammed Al-Owais', 'G'), ('Hassoun', 'D'), ('Mohammed Al-Khabrani', 'D'), ('Motaz Hawsawi', 'D'), ('Lucas Lima', 'D'), ('Ljubomir Fejsa', 'M'), ('Ali Al-Asmari', 'M'), ('Samuel Owusu', 'M'), ('Marko Marin', 'M'), ('Alexandru Mitriță', 'M'), ('Omar Al-Soma', 'F')]",Pedro Caixinha,3-4-2-1,"[('Giedrius Arlauskis', 'G'), ('Husain Al-Monassar', 'D'), ('Igor Lichnovsky', 'D'), ('Ahmed Sharahili', 'D'), ('Fawaz Al-Sagour', 'M'), (""Alfred N'Diaye"", 'M'), ('Turki Al Ammar', 'M'), ('Abdullah Al Shamekh', 'M'), ('Cristian Guanca', 'F'), ('Nawaf Al-Abed', 'F'), ('Abdullah Alhamddan', 'F')]",,
37,635903,Al-Hilal Saudi FC,Al-Nassr,2.0,0.0,King Fahd International Stadium,A. Cunha,5,2020-11-23T19:15:00+03:00,2020/2021,Match Finished,R. Lucescu,4-2-3-1,"[('Habib Al-Wutaian', 'G'), ('Mohammed Al-Burayk', 'D'), ('Hyun Soo Jang', 'D'), ('Ali Al-Boleahi', 'D'), ('Yasir Al-Shahrani', 'D'), ('Gustavo Cuéllar', 'M'), ('Salman Al-Faraj', 'M'), ('André Carrillo', 'M'), ('Sebastian Giovinco', 'M'), ('Luciano Vietto', 'M'), ('Bafetimbi Gomis', 'F')]",Rui Vitória,4-3-3,"[('Brad Jones', 'G'), ('Sultan Al-Ghannam', 'D'), ('Maicon', 'D'), ('Abdulelah Alamri', 'D'), ('Jin-su Kim', 'D'), ('Petros', 'M'), ('Abdullah Alkhaibari', 'M'), ('Abdulmajeed Al-Sulaiheem', 'M'), ('Gonzalo Martinez', 'F'), ('Ayman Yahya', 'F'), ('Khalid Al-Ghannam', 'F')]",,
38,635905,Al Taawon,Al Wehda Club,1.0,0.0,King Abdullah bin Abdulaziz City,Sultan Al-Harbi,5,2020-11-24T16:50:00+03:00,2020/2021,Match Finished,Abdullah Assiri,4-2-3-1,"[('Cássio', 'G'), ('Yaseen Barnawi', 'D'), ('Iago Santos', 'D'), ('Nawaf Al-Sabhi', 'D'), ('Hassan Kadesh', 'D'), ('Ryan Al-Mousa', 'M'), ('Sandro Manoel', 'M'), ('Fahad Ayed Al-Rashidi', 'M'), ('Ali Alnemer', 'M'), ('Sumaihan Al-Nabet', 'M'), ('Léandre Tawamba', 'F')]",Ivo Vieira,4-2-3-1,"[('Raghid Najjar', 'G'), ('Naif Kariri', 'D'), ('Alberto Botía', 'D'), ('Abdullah Al Hafith', 'D'), ('Mohammed Al Alamri', 'D'), ('Dimitri Petratos', 'M'), ('Mohammed Al Qarni', 'M'), ('Hussain Ahmed Al Issa', 'M'), ('Anselmo', 'M'), ('Hernani', 'M'), ('Youssouf Niakate', 'F')]",,
39,635904,Al-Ettifaq,Al-Fateh,0.0,4.0,Prince Mohamed bin Fahd Stadium,Majed Al Shamrani,5,2020-11-24T18:30:00+03:00,2020/2021,Match Finished,Khaled Al Atawi,4-4-2,"[('Mohammed Alhaeti', 'G'), ('Saleh Al Qumayzi', 'D'), ('Saeed Al-Rabiei', 'D'), ('Karol Mets', 'D'), ('Abdullah Khateeb', 'D'), ('Mohammed Al Kuwaykibi', 'M'), ('Filip Kiss', 'M'), ('Souza', 'M'), ('Souleymane Doukara', 'M'), ('Hassan Al Salis', 'F'), ('Hazzaa Al-Hazzaa', 'F')]",Y. Ferrera,4-2-3-1,"[('Maksym Koval', 'G'), ('Nawaf Boushal', 'D'), ('Amaar Al Dohaim', 'D'), ('Mohammed Naji', 'D'), ('Tawfiq Buhumaid', 'D'), ('Majed Omar Kanabah', 'M'), ('Mohammed Al-Fuhaid', 'M'), ('Ali Al-Zaqan', 'M'), ('Sofiane Bendebka', 'M'), ('Mohammed Al Saeed', 'M'), ('Saša Jovanović', 'F')]",,
40,635908,Al Shabab,Dhamk,2.0,1.0,Al-Shabab Club Stadium,Raed Al Zahrani,6,2020-11-27T16:40:00+03:00,2020/2021,Match Finished,Pedro Caixinha,4-2-3-1,"[('Giedrius Arlauskis', 'G'), ('Fawaz Al-Sagour', 'D'), ('Igor Lichnovsky', 'D'), ('Ahmed Sharahili', 'D'), ('Abdullah Al Shamekh', 'D'), (""Alfred N'Diaye"", 'M'), ('Husain Al-Monassar', 'M'), ('Nawaf Al-Abed', 'M'), ('Éver Banega', 'M'), ('Cristian Guanca', 'M'), ('Makhete Diop', 'F')]",N. Zekri,4-1-4-1,"[('Moustapha Zeghba', 'G'), ('Tariq Mohammed', 'D'), ('Farouk Chafaï', 'D'), ('Cristian Lema', 'D'), ('Mohammed Alzubaidi', 'D'), ('Sergio Vittor', 'M'), ('Ibrahim Chenihi', 'M'), ('Abdulaziz Majrashi', 'M'), ('Abdullah Al-Amar', 'M'), ('Mohammed Harzan Mohsen', 'M'), ('Emilio Zelaya', 'F')]",,
41,635911,Al-Ittihad FC,Al-Qadisiyah FC,1.0,0.0,King Abdullah Sports City,Khaled Al Teris,6,2020-11-27T18:40:00+03:00,2020/2021,Match Finished,,4-4-2,"[('Marcelo Grohe', 'G'), ('Saud Abdulhamid', 'D'), ('Omar Hawsawi', 'D'), ('Ahmed Hegazy', 'D'), ('Muhannad Alshanqeeti', 'D'), ('Abdulaziz Al-Bishi', 'M'), ('Bruno Henrique', 'M'), ('Abdulelah Al Malki', 'M'), ('Garry Rodrigues', 'M'), ('Romarinho', 'F'), ('Aleksandar Prijović', 'F')]",,4-1-4-1,"[('Faisal Al-Masrahi', 'G'), ('Hamad Al Tohaifan', 'D'), ('Uroš Vitas', 'D'), ('Rhys Williams', 'D'), ('Khalifah Aldawsari', 'D'), ('Edson', 'M'), ('Stanley Ohawuchi', 'M'), ('Mihai Bordeianu', 'M'), ('Hassan Al-Amri', 'M'), ('Carolus Andria', 'M'), ('Abdullah Alhdheriti', 'F')]",,
42,635907,Al-Ain,Al-Raed,1.0,0.0,King Saud Sport City Stadium,Khaled Salwi,6,2020-11-28T14:35:00+03:00,2020/2021,Match Finished,M. Skibbe,3-5-2,"[('Ameen Bokhari', 'G'), ('Hassan Al-Harbi', 'D'), ('Saif Hussain', 'D'), ('Yahia Al-Kabie', 'D'), ('Mohammed Al-Shoraimi', 'M'), ('Filip Bradarić', 'M'), ('Saphir Taïder', 'M'), ('Mohammed Nahiri', 'M'), ('Nawwaf Al Harthi', 'M'), ('Faisal Al-Jamaan', 'F'), ('Getterson', 'F')]",B. Hasi,4-4-2,"[('Ahmad Al Harbi', 'G'), ('Nemanja Miletić', 'D'), ('Abdullah Al-Fahad', 'D'), ('Hussain Al-Showaish', 'D'), ('Khalid Al-Khathlan', 'D'), ('Mohammed Fouzair', 'M'), ('Sultan Farhan', 'M'), ('Arnaud Djoum', 'M'), ('Ahmad Zain', 'M'), ('Nemanja Nikolic', 'F'), ('Abdullah Almogren', 'F')]",,
43,635912,Al Taawon,Al-Ettifaq,1.0,1.0,King Abdullah bin Abdulaziz City,Mohammed Al Hoaish,6,2020-11-29T14:15:00+03:00,2020/2021,Match Finished,Abdullah Assiri,4-2-3-1,"[('Cássio', 'G'), ('Yaseen Barnawi', 'D'), ('Iago Santos', 'D'), ('Nawaf Al-Sabhi', 'D'), ('Hassan Kadesh', 'D'), ('Ryan Al-Mousa', 'M'), ('Sandro Manoel', 'M'), ('Mitchell Duke', 'M'), ('Ali Alnemer', 'M'), ('Sumaihan Al-Nabet', 'M'), ('Léandre Tawamba', 'F')]",Khaled Al Atawi,4-4-2,"[(""Raïs M'Bolhi"", 'G'), ('Saleh Al Qumayzi', 'D'), ('Saeed Al-Rabiei', 'D'), ('Karol Mets', 'D'), ('Ail Fuad', 'D'), ('Mohammed Al Kuwaykibi', 'M'), ('Filip Kiss', 'M'), ('Souza', 'M'), ('Naïm Sliti', 'M'), ('Souleymane Doukara', 'F'), ('Abdullah Al-Salem', 'F')]",,
44,635913,Al Wehda Club,Al Baten,3.0,2.0,King Abdulaziz Sports City Stadium,Faisal Alblwi,6,2020-11-29T17:10:00+03:00,2020/2021,Match Finished,Ivo Vieira,4-2-3-1,"[('Raghid Najjar', 'G'), ('Naif Kariri', 'D'), ('Alberto Botía', 'D'), ('Abdullah Al Hafith', 'D'), ('Mohammed Al Alamri', 'D'), ('Mohammed Al Qarni', 'M'), ('Anselmo', 'M'), ('Hussain Ahmed Al Issa', 'M'), ('Dimitri Petratos', 'M'), ('Hernani', 'M'), ('Ahmed Abdoh Jaber', 'F')]",José Garrido,4-3-3,"[('Martín Campaña', 'G'), ('Saad Al Khayri', 'D'), ('Renato Chaves', 'D'), ('Xandro Schenk', 'D'), ('Hassan Mohammed Raghfawi', 'D'), ('Khaleem Hyland', 'M'), ('Dhaifallah Al-Qarni', 'M'), ('Zakaria Al-Sudani', 'M'), ('Mohamed Rayhi', 'F'), ('Fabio Abreu', 'F'), ('Abdulmalek Al-Shammary', 'F')]",,
45,635914,Al-Ahli Jeddah,Al-Faisaly FC,2.0,1.0,King Abdullah Sports City,Shukri Al Hanfosh,6,2020-11-29T18:40:00+03:00,2020/2021,Match Finished,V. Milojević,4-3-3,"[('Mohammed Al-Owais', 'G'), ('Hassoun', 'D'), ('Motaz Hawsawi', 'D'), ('Abdulbaset Al-Hindi', 'D'), ('Lucas Lima', 'D'), ('Nouh Al-Mousa', 'M'), ('Ljubomir Fejsa', 'M'), ('Marko Marin', 'M'), ('Samuel Owusu', 'F'), ('Omar Al-Soma', 'F'), ('Alexandru Mitriță', 'F')]",Péricles Chamusca,4-1-4-1,"[('Mustafa Malaika', 'G'), ('Khaled Daghriri', 'D'), ('Raphael Silva', 'D'), ('Igor Rossi', 'D'), ('Mohammed Qassem', 'D'), ('Hicham Faik', 'M'), ('Ismail Omar', 'M'), ('Alexander Merkel', 'M'), ('Abdulaziz Al-Shereid', 'M'), ('Guilherme Augusto', 'M'), ('Júlio Tavares', 'F')]",,
46,635909,Abha,Al-Nassr,2.0,1.0,Prince Sultan bin Abdulaziz Sports City Stadium,Majed Al Shamrani,6,2020-12-03T14:35:00+03:00,2020/2021,Match Finished,A. Chebbi,4-2-3-1,"[('Abdelali Mhamdi', 'G'), ('Fahad Bin Jumayah', 'D'), ('Mehdi Tahrat', 'D'), ('Ahmad Al Hbeab', 'D'), ('Sari Amro', 'D'), ('Karim Aouadhi', 'M'), ('Riyadh Sharahili', 'M'), ('Craig Goodwin', 'M'), ('Saad Bguir', 'M'), ('Saleh Al-Amri', 'M'), ('Carlos Strandberg', 'F')]",Rui Vitória,4-2-3-1,"[('Brad Jones', 'G'), ('Sultan Al-Ghannam', 'D'), ('Maicon', 'D'), ('Abdulelah Alamri', 'D'), ('Jin-su Kim', 'D'), ('Ali Al-Hassan', 'M'), ('Petros', 'M'), ('Nordin Amrabat', 'M'), ('Ayman Yahya', 'M'), ('Khalid Al-Ghannam', 'M'), ('Abderazak Hamdallah', 'F')]",,
47,635910,Al-Hilal Saudi FC,Al-Fateh,3.0,0.0,King Fahd International Stadium,Mohammed Al Nuhait,6,2020-12-03T16:40:00+03:00,2020/2021,Match Finished,R. Lucescu,4-2-3-1,"[('Abdullah Al-Jadani', 'G'), ('Mohammed Al-Burayk', 'D'), ('Hyun Soo Jang', 'D'), ('Mohammed Jahfali', 'D'), ('Yasir Al-Shahrani', 'D'), ('Mohamed Kanno', 'M'), ('Salman Al-Faraj', 'M'), ('Salem Al-Dawsari', 'M'), ('Omar Kharbin', 'M'), ('Luciano Vietto', 'M'), ('Bafetimbi Gomis', 'F')]",Y. Ferrera,4-2-3-1,"[('Maksym Koval', 'G'), ('Nawaf Boushal', 'D'), ('Amaar Al Dohaim', 'D'), ('Mohammed Naji', 'D'), ('Tawfiq Buhumaid', 'D'), ('Majed Omar Kanabah', 'M'), ('Marwane Saadane', 'M'), ('Ali Al-Zaqan', 'M'), ('Sofiane Bendebka', 'M'), ('Mohammed Al Saeed', 'M'), ('Saša Jovanović', 'F')]",,
48,635917,Dhamk,Al-Ahli Jeddah,4.0,3.0,Prince Sultan bin Abdulaziz Sports City Stadium,Abdullah Al-Harbi,7,2020-12-05T14:30:00+03:00,2020/2021,Match Finished,N. Zekri,4-1-4-1,"[('Moustapha Zeghba', 'G'), ('Tariq Mohammed', 'D'), ('Ibrahim Alnakhli', 'D'), ('Farouk Chafaï', 'D'), ('Mohammed Alzubaidi', 'D'), ('Sergio Vittor', 'M'), ('Mohammed Harzan Mohsen', 'M'), ('Abdulaziz Majrashi', 'M'), ('Abdullah Al-Amar', 'M'), ('Mansour Hamzi', 'M'), ('Emilio Zelaya', 'F')]",V. Milojević,4-3-3,"[('Mohammed Al-Owais', 'G'), ('Hassoun', 'D'), ('Motaz Hawsawi', 'D'), ('Abdulbaset Al-Hindi', 'D'), ('Lucas Lima', 'D'), ('Nouh Al-Mousa', 'M'), ('Ljubomir Fejsa', 'M'), ('Driss Fettouhi', 'M'), ('Samuel Owusu', 'F'), ('Omar Al-Soma', 'F'), ('Alexandru Mitriță', 'F')]",,
49,635918,Al Baten,Al Taawon,1.0,1.0,Al-Batin FC Stadium,Shukri Al Hanfosh,7,2020-12-05T16:35:00+03:00,2020/2021,Match Finished,José Garrido,4-3-3,"[('Martín Campaña', 'G'), ('Saad Al Khayri', 'D'), ('Renato Chaves', 'D'), ('Xandro Schenk', 'D'), ('Omar Aloudah', 'D'), ('Dhaifallah Al-Qarni', 'M'), ('Zakaria Al-Sudani', 'M'), ('Abdulmalek Al-Shammary', 'M'), ('Mohamed Rayhi', 'F'), ('Fabio Abreu', 'F'), ('Rakan Shamlan', 'F')]",Abdullah Assiri,4-2-3-1,"[('Cássio', 'G'), ('Yaseen Barnawi', 'D'), ('Iago Santos', 'D'), ('Nawaf Al-Sabhi', 'D'), ('Hassan Kadesh', 'D'), ('Sandro Manoel', 'M'), ('Ryan Al-Mousa', 'M'), ('Mitchell Duke', 'M'), ('Cedric Amissi', 'M'), ('Abdullah Al-Jawaey', 'M'), ('Léandre Tawamba', 'F')]",,
50,635915,Al-Faisaly FC,Al-Ain,1.0,1.0,Al Majma'ah Sports City Stadium,Sultan Al-Harbi,7,2020-12-05T16:45:00+03:00,2020/2021,Match Finished,Péricles Chamusca,4-2-3-1,"[('Mustafa Malaika', 'G'), ('Abdullah Alhassan', 'D'), ('Raphael Silva', 'D'), ('Igor Rossi', 'D'), ('Mohammed Qassem', 'D'), ('Alexander Merkel', 'M'), ('Hicham Faik', 'M'), ('Abdullah Al-Qahtani', 'M'), ('Romain Amalfitano', 'M'), ('Guilherme Augusto', 'M'), ('Júlio Tavares', 'F')]",M. Skibbe,4-4-2,"[('Ameen Bokhari', 'G'), ('Hassan Al-Harbi', 'D'), ('Bastos', 'D'), ('Saif Hussain', 'D'), ('Yahia Al-Kabie', 'D'), ('Mohammed Al-Shoraimi', 'M'), ('Filip Bradarić', 'M'), ('Saphir Taïder', 'M'), ('Nawwaf Al Harthi', 'M'), ('Amadou Moutari', 'F'), ('Getterson', 'F')]",,
51,635916,Al-Qadisiyah FC,Al Shabab,2.0,1.0,Prince Saud bin Jalawi Stadium,Majed Al Shamrani,7,2020-12-06T16:25:00+03:00,2020/2021,Match Finished,Y. Al Mannai,4-1-4-1,"[('Faisal Al-Masrahi', 'G'), ('Hamad Al Tohaifan', 'D'), ('Uroš Vitas', 'D'), ('Rhys Williams', 'D'), ('Khalifah Aldawsari', 'D'), ('Edson', 'M'), ('Stanley Ohawuchi', 'M'), ('Mihai Bordeianu', 'M'), ('Hassan Al-Amri', 'M'), ('Danilo Asprilla', 'M'), ('Carolus Andria', 'F')]",Pedro Caixinha,4-2-3-1,"[('Giedrius Arlauskis', 'G'), ('Fawaz Al-Sagour', 'D'), ('Igor Lichnovsky', 'D'), ('Ahmed Sharahili', 'D'), ('Abdullah Al-Zoari', 'D'), (""Alfred N'Diaye"", 'M'), ('Husain Al-Monassar', 'M'), ('Turki Al Ammar', 'M'), ('Éver Banega', 'M'), ('Cristian Guanca', 'M'), ('Makhete Diop', 'F')]",,
52,635921,Al Wehda Club,Al-Ittihad FC,1.0,2.0,King Abdulaziz Sports City Stadium,Khaled Salwi,7,2020-12-06T18:45:00+03:00,2020/2021,Match Finished,,4-2-3-1,"[('Raghid Najjar', 'G'), ('Naif Kariri', 'D'), ('Alberto Botía', 'D'), ('Abdullah Al Hafith', 'D'), ('Mohammed Al Alamri', 'D'), ('Mohammed Al Qarni', 'M'), ('Anselmo', 'M'), ('Hussain Ahmed Al Issa', 'M'), ('Dimitri Petratos', 'M'), ('Hernani', 'M'), ('Ahmed Abdoh Jaber', 'F')]",,4-4-2,"[('Marcelo Grohe', 'G'), ('Saud Abdulhamid', 'D'), ('Ziyad Al-Sahafi', 'D'), ('Ahmed Hegazy', 'D'), ('Hamdan Al-Shamrani', 'D'), ('Abdulaziz Al-Bishi', 'M'), ('Bruno Henrique', 'M'), ('Abdulelah Al Malki', 'M'), ('Garry Rodrigues', 'M'), ('Romarinho', 'F'), ('Aleksandar Prijović', 'F')]",,
53,635919,Al-Fateh,Abha,1.0,3.0,Prince Abdullah bin Jalawi Sports City Stadium,Mohammed Al Qarni,7,2020-12-07T16:30:00+03:00,2020/2021,Match Finished,Y. Ferrera,4-2-3-1,"[('Maksym Koval', 'G'), ('Nawaf Boushal', 'D'), ('Amaar Al Dohaim', 'D'), ('Marwane Saadane', 'D'), ('Tawfiq Buhumaid', 'D'), ('Mohammed Al-Fuhaid', 'M'), ('Majed Omar Kanabah', 'M'), ('Mourad Batna', 'M'), ('Sofiane Bendebka', 'M'), ('Gustav Wikheim', 'M'), ('Hassan Al-Habib', 'F')]",A. Chebbi,4-2-3-1,"[('Abdelali Mhamdi', 'G'), ('Karam Barnawi', 'D'), ('Mehdi Tahrat', 'D'), ('Nader Abdullah Al Sharari', 'D'), ('Sari Amro', 'D'), ('Karim Aouadhi', 'M'), ('Riyadh Sharahili', 'M'), ('Craig Goodwin', 'M'), ('Saad Bguir', 'M'), ('Saleh Al-Amri', 'M'), ('Carlos Strandberg', 'F')]",,
54,635920,Al-Raed,Al-Hilal Saudi FC,0.0,1.0,King Abdullah bin Abdulaziz City,Faisal Alblwi,7,2020-12-07T16:50:00+03:00,2020/2021,Match Finished,B. Hasi,3-1-4-2,"[('Azzedine Doukha', 'G'), ('Abdullah Al-Fahad', 'D'), ('Nemanja Miletić', 'D'), ('Hussain Al-Showaish', 'D'), ('Sultan Farhan', 'M'), ('Mohammed Al-Dosari', 'M'), ('Jalal Daoudi', 'M'), ('Arnaud Djoum', 'M'), ('Ahmad Zain', 'M'), ('Nemanja Nikolic', 'F'), ('Karim El Berkaoui', 'F')]",R. Lucescu,4-2-3-1,"[('Abdullah Al-Jadani', 'G'), ('Mohammed Al-Burayk', 'D'), ('Hyun Soo Jang', 'D'), ('Ali Al-Boleahi', 'D'), ('Yasir Al-Shahrani', 'D'), ('Mohamed Kanno', 'M'), ('Salman Al-Faraj', 'M'), ('André Carrillo', 'M'), ('Omar Kharbin', 'M'), ('Salem Al-Dawsari', 'M'), ('Bafetimbi Gomis', 'F')]",,
55,635922,Al-Nassr,Al-Ettifaq,2.0,2.0,King Fahd International Stadium,Mohammed Alharbi,7,2020-12-07T18:45:00+03:00,2020/2021,Match Finished,Rui Vitória,4-2-3-1,"[('Brad Jones', 'G'), ('Sultan Al-Ghannam', 'D'), ('Maicon', 'D'), ('Abdullah Madu', 'D'), ('Jin-su Kim', 'D'), ('Abdullah Alkhaibari', 'M'), ('Petros', 'M'), ('Osama Al Khalaf', 'M'), ('Ayman Yahya', 'M'), ('Ali Al-Hassan', 'M'), ('Abderazak Hamdallah', 'F')]",Khaled Al Atawi,4-4-2,"[(""Raïs M'Bolhi"", 'G'), ('Saleh Al Qumayzi', 'D'), ('Saeed Al-Rabiei', 'D'), ('Karol Mets', 'D'), ('Abdullah Khateeb', 'D'), ('Mohammed Al Kuwaykibi', 'M'), ('Filip Kiss', 'M'), ('Souza', 'M'), ('Naïm Sliti', 'M'), ('Souleymane Doukara', 'F'), ('Abdullah Al-Salem', 'F')]",,
56,635924,Al-Ain,Al-Qadisiyah FC,1.0,2.0,King Saud Sport City Stadium,Sami Al Jires,8,2020-12-11T14:35:00+03:00,2020/2021,Match Finished,M. Skibbe,3-4-1-2,"[('Ameen Bokhari', 'G'), ('Hassan Al-Harbi', 'D'), ('Bastos', 'D'), ('Saif Hussain', 'D'), ('Mohammed Al-Shoraimi', 'M'), ('Filip Bradarić', 'M'), ('Nawwaf Al Harthi', 'M'), ('Yahia Al-Kabie', 'M'), ('Saphir Taïder', 'F'), ('Amadou Moutari', 'F'), ('Getterson', 'F')]",Y. Al Mannai,4-3-3,"[('Faisal Al-Masrahi', 'G'), ('Hamad Al Tohaifan', 'D'), ('Uroš Vitas', 'D'), ('Rhys Williams', 'D'), ('Khalifah Aldawsari', 'D'), ('Mihai Bordeianu', 'M'), ('Edson', 'M'), ('Hassan Al-Amri', 'M'), ('Danilo Asprilla', 'F'), ('Carolus Andria', 'F'), ('Stanley Ohawuchi', 'F')]",,
57,635927,Al-Raed,Al-Faisaly FC,0.0,2.0,King Abdullah bin Abdulaziz City,Abdullah Zafer,8,2020-12-11T16:50:00+03:00,2020/2021,Match Finished,B. Hasi,3-1-4-2,"[('Azzedine Doukha', 'G'), ('Abdullah Al-Fahad', 'D'), ('Nemanja Miletić', 'D'), ('Hussain Al-Showaish', 'D'), ('Sultan Farhan', 'M'), ('Mohammed Fouzair', 'M'), ('Jalal Daoudi', 'M'), ('Arnaud Djoum', 'M'), ('Khalid Al-Khathlan', 'M'), ('Nemanja Nikolic', 'F'), ('Karim El Berkaoui', 'F')]",Péricles Chamusca,4-2-3-1,"[('Mustafa Malaika', 'G'), ('Abdullah Alhassan', 'D'), ('Raphael Silva', 'D'), ('Igor Rossi', 'D'), ('Mohammed Qassem', 'D'), ('Alexander Merkel', 'M'), ('Hicham Faik', 'M'), ('Ahmed Ashraf', 'M'), ('Romain Amalfitano', 'M'), ('Guilherme Augusto', 'M'), ('Júlio Tavares', 'F')]",,
58,635928,Al Shabab,Al-Ittihad FC,1.0,1.0,Al-Shabab Club Stadium,Mohammed Al Hoaish,8,2020-12-11T18:45:00+03:00,2020/2021,Match Finished,,4-2-3-1,"[('Giedrius Arlauskis', 'G'), ('Mohammed Salem', 'D'), ('Hassan Altambakti', 'D'), ('Igor Lichnovsky', 'D'), ('Abdullah Al-Zoari', 'D'), (""Alfred N'Diaye"", 'M'), ('Husain Al-Monassar', 'M'), ('Nawaf Al-Abed', 'M'), ('Éver Banega', 'M'), ('Fábio Martins', 'M'), ('Makhete Diop', 'F')]",,4-2-3-1,"[('Marcelo Grohe', 'G'), ('Saud Abdulhamid', 'D'), ('Omar Hawsawi', 'D'), ('Ahmed Hegazy', 'D'), ('Muhannad Alshanqeeti', 'D'), ('Bruno Henrique', 'M'), ('Abdulelah Al Malki', 'M'), ('Abdulaziz Al-Bishi', 'M'), ('Romarinho', 'M'), ('Garry Rodrigues', 'M'), ('Aleksandar Prijović', 'F')]",,
59,635923,Abha,Al Taawon,0.0,0.0,Prince Sultan bin Abdulaziz Sports City Stadium,Raed Al Zahrani,8,2020-12-12T14:35:00+03:00,2020/2021,Match Finished,A. Chebbi,4-2-3-1,"[('Abdelali Mhamdi', 'G'), ('Karam Barnawi', 'D'), ('Mehdi Tahrat', 'D'), ('Nader Abdullah Al Sharari', 'D'), ('Sari Amro', 'D'), ('Karim Aouadhi', 'M'), ('Riyadh Sharahili', 'M'), ('Saleh Al-Amri', 'M'), ('Saad Bguir', 'M'), ('Craig Goodwin', 'M'), ('Carlos Strandberg', 'F')]",Abdullah Assiri,4-2-3-1,"[('Cássio', 'G'), ('Faisal Darwish', 'D'), ('Ahmad Asiri', 'D'), ('Fahad Al Hamad', 'D'), ('Saad Yaslam Balobaid', 'D'), ('Cedric Amissi', 'M'), ('Mohammed Abusabaan', 'M'), ('Fahad Ayed Al-Rashidi', 'M'), ('Mutair Al Zahrani', 'M'), ('Sumaihan Al-Nabet', 'M'), ('Malek Al Abdulmonam', 'F')]",,
60,635925,Al-Ettifaq,Dhamk,4.0,2.0,Prince Mohamed bin Fahd Stadium,Khaled Salwi,8,2020-12-12T16:25:00+03:00,2020/2021,Match Finished,Khaled Al Atawi,4-4-2,"[(""Raïs M'Bolhi"", 'G'), ('Saleh Al Qumayzi', 'D'), ('Hamad Alsayyaf', 'D'), ('Karol Mets', 'D'), ('Alhwsawi Sanousi Mohammed', 'D'), ('Mohammed Al Kuwaykibi', 'M'), ('Ali Hazazi', 'M'), ('Souza', 'M'), ('Naïm Sliti', 'M'), ('Souleymane Doukara', 'F'), ('Abdullah Al-Salem', 'F')]",N. Zekri,4-1-4-1,"[('Moustapha Zeghba', 'G'), ('Tariq Mohammed', 'D'), ('Farouk Chafaï', 'D'), ('Sergio Vittor', 'D'), ('Mohammed Alzubaidi', 'D'), ('Mohanad Al Najai', 'M'), ('Mazen Abusharara', 'M'), ('Abdulaziz Majrashi', 'M'), ('Bilel Saidani', 'M'), ('Mohammed Harzan Mohsen', 'M'), ('Emilio Zelaya', 'F')]",,
61,635926,Al-Fateh,Al Baten,1.0,2.0,Prince Abdullah bin Jalawi Sports City Stadium,Ahmad Al Rumaikhani,8,2020-12-12T16:30:00+03:00,2020/2021,Match Finished,Y. Ferrera,4-2-3-1,"[('Maksym Koval', 'G'), ('Nawaf Boushal', 'D'), ('Amaar Al Dohaim', 'D'), ('Marwane Saadane', 'D'), ('Tawfiq Buhumaid', 'D'), ('Mohammed Al-Fuhaid', 'M'), ('Sofiane Bendebka', 'M'), ('Mourad Batna', 'M'), ('Ali Al-Zaqan', 'M'), ('Hassan Al-Habib', 'M'), ('Mohammed Al Saeed', 'F')]",José Garrido,4-3-3,"[('Martín Campaña', 'G'), ('Saad Al Khayri', 'D'), ('Renato Chaves', 'D'), ('Xandro Schenk', 'D'), ('Omar Aloudah', 'D'), ('Dhaifallah Al-Qarni', 'M'), ('Zakaria Al-Sudani', 'M'), ('Youssef El Jebli', 'M'), ('Mohamed Rayhi', 'F'), ('Fabio Abreu', 'F'), ('Rakan Shamlan', 'F')]",,
62,635930,Al-Nassr,Al-Ahli Jeddah,1.0,2.0,King Fahd International Stadium,Turki Al Khudair,8,2020-12-12T18:45:00+03:00,2020/2021,Match Finished,,4-2-3-1,"[('Brad Jones', 'G'), ('Sultan Al-Ghannam', 'D'), ('Maicon', 'D'), ('Abdullah Madu', 'D'), ('Jin-su Kim', 'D'), ('Petros', 'M'), ('Abdullah Alkhaibari', 'M'), ('Nordin Amrabat', 'M'), ('Gonzalo Martinez', 'M'), ('Ayman Yahya', 'M'), ('Abderazak Hamdallah', 'F')]",,4-3-3,"[('Mohammed Al-Owais', 'G'), ('Hassoun', 'D'), ('Motaz Hawsawi', 'D'), ('Abdulbaset Al-Hindi', 'D'), ('Lucas Lima', 'D'), ('Nouh Al-Mousa', 'M'), ('Ljubomir Fejsa', 'M'), ('Driss Fettouhi', 'M'), ('Salman Al-Muwashar', 'F'), ('Samuel Owusu', 'F'), ('Alexandru Mitriță', 'F')]",,
63,635929,Al-Hilal Saudi FC,Al Wehda Club,1.0,2.0,King Fahd International Stadium,Majed Al Shamrani,8,2020-12-13T18:45:00+03:00,2020/2021,Match Finished,R. Lucescu,4-2-3-1,"[('Abdullah Al-Jadani', 'G'), ('Mohammed Al-Burayk', 'D'), ('Hyun Soo Jang', 'D'), ('Ali Al-Boleahi', 'D'), ('Madallah Al-Olayan', 'D'), ('Mohamed Kanno', 'M'), ('Salman Al-Faraj', 'M'), ('André Carrillo', 'M'), ('Omar Kharbin', 'M'), ('Salem Al-Dawsari', 'M'), ('Bafetimbi Gomis', 'F')]",Ivo Vieira,4-2-3-1,"[('Abdullah Hussein Al Owisher', 'G'), ('Naif Kariri', 'D'), ('Alberto Botía', 'D'), ('Noor Al-Rashidi', 'D'), ('Hamad Al Jayzani', 'D'), ('Anselmo', 'M'), ('Waleed Bakshween', 'M'), ('Hussain Ahmed Al Issa', 'M'), ('Dimitri Petratos', 'M'), ('Ayman Al-Khalif', 'M'), ('Ahmed Abdoh Jaber', 'F')]",,
64,635935,Al Baten,Al-Nassr,1.0,2.0,Al-Batin FC Stadium,Sultan Al-Harbi,9,2020-12-21T14:10:00+03:00,2020/2021,Match Finished,José Garrido,4-2-3-1,"[('Martín Campaña', 'G'), ('Saad Al Khayri', 'D'), ('Naif Almas', 'D'), ('Xandro Schenk', 'D'), ('Omar Aloudah', 'D'), ('Dhaifallah Al-Qarni', 'M'), ('Zakaria Al-Sudani', 'M'), ('Mohamed Rayhi', 'M'), ('Youssef El Jebli', 'M'), ('Rakan Shamlan', 'M'), ('Fabio Abreu', 'F')]",Rui Vitória,4-2-3-1,"[('Brad Jones', 'G'), ('Sultan Al-Ghannam', 'D'), ('Maicon', 'D'), ('Abdullah Madu', 'D'), ('Abdulrahman Al-Obaid', 'D'), ('Abdullah Alkhaibari', 'M'), ('Petros', 'M'), ('Nordin Amrabat', 'M'), ('Sami Al-Najei', 'M'), ('Gonzalo Martinez', 'M'), ('Abderazak Hamdallah', 'F')]",,
65,635932,Al-Qadisiyah FC,Al-Hilal Saudi FC,1.0,3.0,Prince Saud bin Jalawi Stadium,Shukri Al Hanfosh,9,2020-12-21T16:30:00+03:00,2020/2021,Match Finished,Y. Al Mannai,4-3-3,"[('Faisal Al-Masrahi', 'G'), ('Hamad Al Tohaifan', 'D'), ('Rhys Williams', 'D'), ('Uroš Vitas', 'D'), ('Khalifah Aldawsari', 'D'), ('Mihai Bordeianu', 'M'), ('Edson', 'M'), ('Hassan Al-Amri', 'M'), ('Hassan Abu Sharara', 'F'), ('Carolus Andria', 'F'), ('Stanley Ohawuchi', 'F')]",R. Lucescu,4-4-2,"[('Habib Al-Wutaian', 'G'), ('Mohammed Al-Burayk', 'D'), ('Hyun Soo Jang', 'D'), ('Mohammed Jahfali', 'D'), ('Madallah Al-Olayan', 'D'), ('André Carrillo', 'M'), ('Gustavo Cuéllar', 'M'), ('Salman Al-Faraj', 'M'), ('Salem Al-Dawsari', 'M'), ('Bafetimbi Gomis', 'F'), ('Luciano Vietto', 'F')]",,
66,635938,Al Taawon,Al Shabab,4.0,0.0,King Abdullah bin Abdulaziz City,Faisal Alblwi,9,2020-12-21T16:55:00+03:00,2020/2021,Match Finished,Abdullah Assiri,4-4-2,"[('Cássio', 'G'), ('Yaseen Barnawi', 'D'), ('Iago Santos', 'D'), ('Nawaf Al-Sabhi', 'D'), ('Hassan Kadesh', 'D'), ('Abdoulaye Sane', 'M'), ('Cedric Amissi', 'M'), ('Sandro Manoel', 'M'), ('Sumaihan Al-Nabet', 'M'), ('Mitchell Duke', 'F'), ('Léandre Tawamba', 'F')]",Pedro Caixinha,4-2-3-1,"[('Majed Zaid', 'G'), ('Fawaz Al-Sagour', 'D'), ('Ahmed Sharahili', 'D'), ('Khaled Al Dubaysh', 'D'), ('Moteb Al-Harbi', 'D'), (""Alfred N'Diaye"", 'M'), ('Jamal Bajandouh', 'M'), ('Cristian Guanca', 'M'), ('Éver Banega', 'M'), ('Fábio Martins', 'M'), ('Abdullah Alhamddan', 'F')]",,
67,635934,Al-Ittihad FC,Al-Raed,0.0,0.0,King Abdulaziz Sports City Stadium,Mohammed Al Qarni,9,2020-12-21T18:50:00+03:00,2020/2021,Match Finished,Fábio Carille,4-2-3-1,"[('Marcelo Grohe', 'G'), ('Saud Abdulhamid', 'D'), ('Ziyad Al-Sahafi', 'D'), ('Ahmed Hegazy', 'D'), ('Hamdan Al-Shamrani', 'D'), ('Khaled Al-Semeiry', 'M'), ('Karim El Ahmadi', 'M'), ('Abdulrahman Alobud', 'M'), ('Abdulaziz Al-Bishi', 'M'), ('Garry Rodrigues', 'M'), ('Aleksandar Prijović', 'F')]",B. Hasi,4-1-4-1,"[('Azzedine Doukha', 'G'), ('Mohammed Al-Dosari', 'D'), ('Nemanja Miletić', 'D'), ('Abdullah Al-Fahad', 'D'), ('Khalid Al-Khathlan', 'D'), ('Sultan Farhan', 'M'), ('Mohammed Fouzair', 'M'), ('Arnaud Djoum', 'M'), ('Jalal Daoudi', 'M'), ('Ahmad Zain', 'M'), ('Nemanja Nikolic', 'F')]",,
68,635933,Dhamk,Abha,2.0,1.0,Prince Sultan bin Abdulaziz Sports City Stadium,Khaled Al Teris,9,2020-12-22T14:40:00+03:00,2020/2021,Match Finished,N. Zekri,4-1-4-1,"[('Khaled Mohammed Shraheli', 'G'), ('Tariq Mohammed', 'D'), ('Farouk Chafaï', 'D'), ('Sergio Vittor', 'D'), ('Mohammed Alzubaidi', 'D'), ('Mohanad Al Najai', 'M'), ('Ibrahim Chenihi', 'M'), ('Bilel Saidani', 'M'), ('Muhannad Fallatah', 'M'), ('Mohammed Harzan Mohsen', 'M'), ('Emilio Zelaya', 'F')]",A. Chebbi,4-2-3-1,"[('Abdelali Mhamdi', 'G'), ('Saeed Al Hamsal', 'D'), ('Mehdi Tahrat', 'D'), ('Amine Attouchi', 'D'), ('Sari Amro', 'D'), ('Karim Aouadhi', 'M'), ('Riyadh Sharahili', 'M'), ('Saleh Al-Amri', 'M'), ('Saad Bguir', 'M'), ('Craig Goodwin', 'M'), ('Carlos Strandberg', 'F')]",,
69,635931,Al-Faisaly FC,Al-Ettifaq,0.0,3.0,Al Majma'ah Sports City Stadium,Turki Al Khudair,9,2020-12-22T16:50:00+03:00,2020/2021,Match Finished,Péricles Chamusca,4-2-3-1,"[('Mustafa Malaika', 'G'), ('Abdullah Alhassan', 'D'), ('Raphael Silva', 'D'), ('Igor Rossi', 'D'), ('Mohammed Qassem', 'D'), ('Alexander Merkel', 'M'), ('Hicham Faik', 'M'), ('Ahmed Ashraf', 'M'), ('Romain Amalfitano', 'M'), ('Guilherme Augusto', 'M'), ('Júlio Tavares', 'F')]",Khaled Al Atawi,4-4-2,"[(""Raïs M'Bolhi"", 'G'), ('Saleh Al Qumayzi', 'D'), ('Filip Kiss', 'D'), ('Karol Mets', 'D'), ('Alhwsawi Sanousi Mohammed', 'D'), ('Mohammed Al Kuwaykibi', 'M'), ('Ali Hazazi', 'M'), ('Souza', 'M'), ('Naïm Sliti', 'M'), ('Souleymane Doukara', 'F'), ('Abdullah Al-Salem', 'F')]",,
70,635936,Al Wehda Club,Al-Ain,2.0,1.0,King Abdulaziz Sports City Stadium,Khalid Al Juhani,9,2020-12-22T17:20:00+03:00,2020/2021,Match Finished,Ivo Vieira,4-2-3-1,"[('Abdullah Hussein Al Owisher', 'G'), ('Naif Kariri', 'D'), ('Abdullah Al Hafith', 'D'), ('Pedro Henrique', 'D'), ('Hamad Al Jayzani', 'D'), ('Anselmo', 'M'), ('Waleed Bakshween', 'M'), ('Hussain Ahmed Al Issa', 'M'), ('Dimitri Petratos', 'M'), ('Hernani', 'M'), ('Ahmed Abdoh Jaber', 'F')]",M. Skibbe,5-3-2,"[('Mohammed Mazyad Alshammari', 'G'), ('Mohammed Nahiri', 'D'), ('Hassan Al-Harbi', 'D'), ('Bastos', 'D'), ('Saif Hussain', 'D'), ('Yahia Al-Kabie', 'D'), ('Juanpi Añor', 'M'), ('Saeed Al-Qarni', 'M'), ('Filip Bradarić', 'M'), ('Amadou Moutari', 'F'), ('Getterson', 'F')]",,
71,635937,Al-Ahli Jeddah,Al-Fateh,1.0,0.0,King Abdullah Sports City Reserve Stadium,Khaled Salwi,9,2020-12-22T18:50:00+03:00,2020/2021,Match Finished,V. Milojević,4-2-3-1,"[('Mohammed Al-Owais', 'G'), ('Hassoun', 'D'), ('Mohammed Al-Khabrani', 'D'), ('Mohammed Al-Fatil', 'D'), ('Lucas Lima', 'D'), ('Driss Fettouhi', 'M'), ('Nouh Al-Mousa', 'M'), ('Salman Al-Muwashar', 'M'), ('Marko Marin', 'M'), ('Alexandru Mitriță', 'M'), ('Omar Al-Somah', 'F')]",Y. Ferrera,4-2-3-1,"[('Maksym Koval', 'G'), ('Nawaf Boushal', 'D'), ('Amaar Al Dohaim', 'D'), ('Marwane Saadane', 'D'), ('Tawfiq Buhumaid', 'D'), ('Mohammed Al-Fuhaid', 'M'), ('Sofiane Bendebka', 'M'), ('Mourad Batna', 'M'), ('Ali Al-Zaqan', 'M'), ('Mohammed Al Saeed', 'M'), ('Mitchell Te Vrede', 'F')]",,
72,635945,Al Shabab,Al Baten,3.0,1.0,Al-Shabab Club Stadium,Turki Al Khudair,10,2020-12-26T14:15:00+03:00,2020/2021,Match Finished,Pedro Caixinha,4-2-3-1,"[('Majed Zaid', 'G'), ('Mohammed Salem', 'D'), ('Abdullah Al-Zoari', 'D'), ('Ahmed Sharahili', 'D'), ('Moteb Al-Harbi', 'D'), ('Nawaf Al-Abed', 'M'), (""Alfred N'Diaye"", 'M'), ('Turki Al Ammar', 'M'), ('Éver Banega', 'M'), ('Fábio Martins', 'M'), ('Abdullah Alhamddan', 'F')]",José Garrido,4-2-3-1,"[('Martín Campaña', 'G'), ('Saad Al Khayri', 'D'), ('Renato Chaves', 'D'), ('Xandro Schenk', 'D'), ('Omar Aloudah', 'D'), ('Dhaifallah Al-Qarni', 'M'), ('Zakaria Al-Sudani', 'M'), ('Mohamed Rayhi', 'M'), ('Youssef El Jebli', 'M'), ('Rakan Shamlan', 'M'), ('Fabio Abreu', 'F')]",,
73,635946,Al-Nassr,Dhamk,2.0,2.0,King Saud University Stadium,Abdullah Al-Harbi,10,2020-12-26T16:50:00+03:00,2020/2021,Match Finished,Rui Vitória,4-2-3-1,"[('Brad Jones', 'G'), ('Sultan Al-Ghannam', 'D'), ('Maicon', 'D'), ('Abdullah Madu', 'D'), ('Abdulrahman Al-Obaid', 'D'), ('Ali Al-Hassan', 'M'), ('Petros', 'M'), ('Nordin Amrabat', 'M'), ('Khalid Al-Ghannam', 'M'), ('Gonzalo Martinez', 'M'), ('Firas Albirakan', 'F')]",N. Zekri,4-1-4-1,"[('Khaled Mohammed Shraheli', 'G'), ('Tariq Mohammed', 'D'), ('Farouk Chafaï', 'D'), ('Sergio Vittor', 'D'), ('Mohammed Alzubaidi', 'D'), ('Mohanad Al Najai', 'M'), ('Ibrahim Chenihi', 'M'), ('Muhannad Fallatah', 'M'), ('Bilel Saidani', 'M'), ('Mohammed Harzan Mohsen', 'M'), ('Emilio Zelaya', 'F')]",,
74,635941,Al-Hilal Saudi FC,Al-Ittihad FC,1.0,1.0,King Fahd International Stadium,Mohammed Al Hoaish,10,2020-12-26T18:50:00+03:00,2020/2021,Match Finished,R. Lucescu,4-4-2,"[('Habib Al-Wutaian', 'G'), ('Amiri Kurdi', 'D'), ('Hyun Soo Jang', 'D'), ('Mohammed Jahfali', 'D'), ('Mohammed Al-Burayk', 'D'), ('André Carrillo', 'M'), ('Gustavo Cuéllar', 'M'), ('Salman Al-Faraj', 'M'), ('Salem Al-Dawsari', 'M'), ('Bafetimbi Gomis', 'F'), ('Luciano Vietto', 'F')]",Fábio Carille,4-2-3-1,"[('Marcelo Grohe', 'G'), ('Saud Abdulhamid', 'D'), ('Ziyad Al-Sahafi', 'D'), ('Ahmed Hegazy', 'D'), ('Muhannad Alshanqeeti', 'D'), ('Abdulelah Al Malki', 'M'), ('Karim El Ahmadi', 'M'), ('Abdulaziz Al-Bishi', 'M'), ('Romarinho', 'M'), ('Abdulrahman Alobud', 'M'), ('Aleksandar Prijović', 'F')]",,
75,635940,Abha,Al Wehda Club,0.0,1.0,Prince Sultan bin Abdulaziz Sports City Stadium,Mohammed Al Esmaiel,10,2020-12-27T14:40:00+03:00,2020/2021,Match Finished,,,,,,,,
76,635942,Al-Ain,Al Taawon,1.0,0.0,King Saud Sport City Stadium,Abdullah Al-Shehri,10,2020-12-27T14:45:00+03:00,2020/2021,Match Finished,,,,,,,,
77,635943,Al-Fateh,Al-Faisaly FC,3.0,2.0,Prince Abdullah bin Jalawi Sports City Stadium,Sami Al Jires,10,2020-12-27T16:35:00+03:00,2020/2021,Match Finished,,,,,,,,
78,635944,Al-Raed,Al-Ahli Jeddah,1.0,2.0,King Abdullah bin Abdulaziz City,Sultan Al-Harbi,10,2020-12-27T16:55:00+03:00,2020/2021,Match Finished,,,,,,,,
79,635939,Al-Qadisiyah FC,Al-Ettifaq,1.0,2.0,Prince Saud bin Jalawi Stadium,Faisal Alblwi,10,2020-12-27T18:40:00+03:00,2020/2021,Match Finished,,,,,,,,
80,635949,Al Baten,Al-Ittihad FC,1.0,2.0,Al-Batin FC Stadium,Abdullah Al-Harbi,11,2020-12-31T14:10:00+03:00,2020/2021,Match Finished,,,,,,,,
81,635947,Al-Faisaly FC,Al-Nassr,2.0,3.0,Al Majma'ah Sports City Stadium,Faisal Alblwi,11,2020-12-31T16:55:00+03:00,2020/2021,Match Finished,,,,,,,,
82,635954,Al-Hilal Saudi FC,Al Shabab,1.0,1.0,Prince Faisal bin Fahd Stadium,Khaled Al Teris,11,2020-12-31T18:50:00+03:00,2020/2021,Match Finished,,,,,,,,
83,635948,Dhamk,Al-Fateh,1.0,2.0,Prince Sultan bin Abdulaziz Sports City Stadium,Turki Al Khudair,11,2021-01-01T14:45:00+03:00,2020/2021,Match Finished,,,,,,,,
84,635950,Al-Ain,Abha,2.0,4.0,King Saud Sport City Stadium,Ahmad Al Rumaikhani,11,2021-01-01T14:50:00+03:00,2020/2021,Match Finished,,,,,,,,
85,635951,Al-Ettifaq,Al Wehda Club,1.0,2.0,Prince Mohamed bin Fahd Stadium,Raed Al Zahrani,11,2021-01-01T16:35:00+03:00,2020/2021,Match Finished,,,,,,,,
86,635952,Al-Raed,Al-Qadisiyah FC,2.0,2.0,King Abdullah bin Abdulaziz City,Majed Al Shamrani,11,2021-01-02T14:25:00+03:00,2020/2021,Match Finished,,,,,,,,
87,635953,Al-Ahli Jeddah,Al Taawon,0.0,3.0,King Abdulaziz Sports City Stadium,Mohammed Al Hoaish,11,2021-01-02T17:30:00+03:00,2020/2021,Match Finished,,,,,,,,
88,635956,Abha,Al-Faisaly FC,1.0,0.0,Prince Sultan bin Abdulaziz Sports City Stadium,Sultan Al-Harbi,12,2021-01-07T14:50:00+03:00,2020/2021,Match Finished,,,,,,,,
89,635959,Al Wehda Club,Al-Fateh,0.0,0.0,King Abdulaziz Sports City Stadium,Sultan Al-Harbi,12,2021-01-07T17:35:00+03:00,2020/2021,Match Finished,,,,,,,,
90,635958,Al Baten,Al-Hilal Saudi FC,2.0,2.0,Al-Batin FC Stadium,Ahmad Al Rumaikhani,12,2021-01-08T14:20:00+03:00,2020/2021,Match Finished,,,,,,,,
91,635955,Al-Qadisiyah FC,Al-Ahli Jeddah,3.0,1.0,Prince Saud bin Jalawi Stadium,Abdullah Al-Harbi,12,2021-01-08T16:40:00+03:00,2020/2021,Match Finished,,,,,,,,
92,635962,Al-Nassr,Al-Ain,3.0,0.0,King Saud University Stadium,Mohammed Alharbi,12,2021-01-08T18:55:00+03:00,2020/2021,Match Finished,,,,,,,,
93,635961,Al Taawon,Al-Raed,0.0,0.0,King Abdullah bin Abdulaziz City,Khaled Al Teris,12,2021-01-09T14:30:00+03:00,2020/2021,Match Finished,,,,,,,,
94,635960,Al Shabab,Al-Ettifaq,1.0,0.0,Al-Shabab Club Stadium,Mohammed Al Hoaish,12,2021-01-09T16:55:00+03:00,2020/2021,Match Finished,,,,,,,,
95,635957,Al-Ittihad FC,Dhamk,1.0,0.0,King Abdulaziz Sports City Stadium,Sami Al Jires,12,2021-01-09T18:55:00+03:00,2020/2021,Match Finished,,,,,,,,
96,635963,Al-Faisaly FC,Al-Qadisiyah FC,2.0,2.0,Al Majma'ah Sports City Stadium,Shukri Al Hanfosh,13,2021-01-14T14:30:00+03:00,2020/2021,Match Finished,,,,,,,,
97,635966,Al-Ain,Al Shabab,0.0,3.0,King Saud Sport City Stadium,Sultan Al-Harbi,13,2021-01-14T14:55:00+03:00,2020/2021,Match Finished,,,,,,,,
98,635967,Al-Ettifaq,Al Baten,1.0,1.0,Prince Mohamed bin Fahd Stadium,Khaled Salwi,13,2021-01-14T16:45:00+03:00,2020/2021,Match Finished,,,,,,,,
99,635968,Al-Fateh,Al Taawon,1.0,2.0,Prince Abdullah bin Jalawi Sports City Stadium,S. Schärer,13,2021-01-14T16:50:00+03:00,2020/2021,Match Finished,,,,,,,,
100,635965,Al-Ittihad FC,Abha,0.0,1.0,King Abdullah Sports City,Faisal Alblwi,13,2021-01-14T19:10:00+03:00,2020/2021,Match Finished,,,,,,,,
101,635964,Dhamk,Al Wehda Club,0.0,0.0,Prince Sultan bin Abdulaziz Sports City Stadium,Abdullah Al-Harbi,13,2021-01-15T14:55:00+03:00,2020/2021,Match Finished,,,,,,,,
102,635969,Al-Raed,Al-Nassr,0.0,1.0,King Abdullah bin Abdulaziz City,Mohammed Al Hoaish,13,2021-01-15T17:10:00+03:00,2020/2021,Match Finished,,,,,,,,
103,635970,Al-Ahli Jeddah,Al-Hilal Saudi FC,0.0,0.0,King Abdullah Sports City,Majed Al Shamrani,13,2021-01-15T19:10:00+03:00,2020/2021,Match Finished,,,,,,,,
104,635974,Al-Raed,Al-Ettifaq,2.0,3.0,King Abdullah bin Abdulaziz City,Shukri Al Hanfosh,14,2021-01-19T14:40:00+03:00,2020/2021,Match Finished,,,,,,,,
105,635973,Al-Ain,Al-Ittihad FC,1.0,2.0,King Saud Sport City Stadium,Mohammed Al Qarni,14,2021-01-19T15:00:00+03:00,2020/2021,Match Finished,,,,,,,,
106,635971,Al-Qadisiyah FC,Al-Fateh,1.0,1.0,Prince Saud bin Jalawi Stadium,Turki Al Khudair,14,2021-01-19T16:50:00+03:00,2020/2021,Match Finished,,,,,,,,
107,635975,Al Shabab,Al-Faisaly FC,1.0,1.0,Al-Shabab Club Stadium,Ahmad Al Rumaikhani,14,2021-01-19T17:10:00+03:00,2020/2021,Match Finished,,,,,,,,
108,635976,Al-Ahli Jeddah,Abha,3.0,0.0,King Abdullah Sports City Reserve Stadium,Mohammed Alharbi,14,2021-01-19T19:10:00+03:00,2020/2021,Match Finished,,,,,,,,
109,635972,Dhamk,Al Baten,2.0,0.0,Prince Sultan bin Abdulaziz Sports City Stadium,Mohammed Al Hoaish,14,2021-01-20T14:55:00+03:00,2020/2021,Match Finished,,,,,,,,
110,635977,Al-Hilal Saudi FC,Al Taawon,2.0,0.0,Prince Faisal bin Fahd Stadium,Faisal Alblwi,14,2021-01-20T17:10:00+03:00,2020/2021,Match Finished,,,,,,,,
111,635978,Al-Nassr,Al Wehda Club,3.0,1.0,King Saud University Stadium,Majed Al Shamrani,14,2021-01-20T19:10:00+03:00,2020/2021,Match Finished,,,,,,,,
112,635980,Abha,Al-Qadisiyah FC,2.0,2.0,Prince Sultan bin Abdulaziz Sports City Stadium,Abdullah Al-Harbi,15,2021-01-24T14:55:00+03:00,2020/2021,Match Finished,,,,,,,,
113,635984,Al-Fateh,Al-Raed,0.0,2.0,Prince Abdullah bin Jalawi Sports City Stadium,Abdullah Al-Shehri,15,2021-01-24T16:55:00+03:00,2020/2021,Match Finished,,,,,,,,
114,635981,Al-Ittihad FC,Al-Nassr,1.0,1.0,King Abdulaziz Sports City Stadium,Khaled Salwi,15,2021-01-24T17:40:00+03:00,2020/2021,Match Finished,,,,,,,,
115,635983,Al-Ettifaq,Al-Ahli Jeddah,1.0,2.0,Prince Mohamed bin Fahd Stadium,Sultan Al-Harbi,15,2021-01-24T19:10:00+03:00,2020/2021,Match Finished,,,,,,,,
116,635986,Al Taawon,Dhamk,3.0,1.0,King Abdullah bin Abdulaziz City,Majed Al Shamrani,15,2021-01-25T14:40:00+03:00,2020/2021,Match Finished,,,,,,,,
117,635979,Al-Faisaly FC,Al-Hilal Saudi FC,1.0,1.0,Al Majma'ah Sports City Stadium,Raed Al Zahrani,15,2021-01-25T17:15:00+03:00,2020/2021,Match Finished,,,,,,,,
118,635985,Al Wehda Club,Al Shabab,2.0,4.0,King Abdulaziz Sports City Stadium,Faisal Alblwi,15,2021-01-25T17:45:00+03:00,2020/2021,Match Finished,,,,,,,,
119,635982,Al Baten,Al-Ain,2.0,1.0,Al-Batin FC Stadium,Turki Al Khudair,15,2021-01-26T14:30:00+03:00,2020/2021,Match Finished,,,,,,,,
120,657763,Al-Faisaly FC,Al Taawon,0.0,0.0,Al Majma'ah Sports City Stadium,Abdullah Al-Shehri,16,2021-01-30T14:40:00+03:00,2020/2021,Match Finished,,,,,,,,
121,657764,Abha,Al Shabab,2.0,3.0,Prince Sultan bin Abdulaziz Sports City Stadium,Turki Al Khudair,16,2021-01-30T15:00:00+03:00,2020/2021,Match Finished,,,,,,,,
122,657765,Al-Ettifaq,Al-Ittihad FC,2.0,0.0,Prince Mohamed bin Fahd Stadium,Majed Al Shamrani,16,2021-01-30T17:00:00+03:00,2020/2021,Match Finished,,,,,,,,
123,657766,Al-Raed,Dhamk,4.0,2.0,King Abdullah bin Abdulaziz City,Mohammed Al Esmaiel,16,2021-01-31T14:45:00+03:00,2020/2021,Match Finished,,,,,,,,
124,657767,Al-Qadisiyah FC,Al Wehda Club,2.0,2.0,Prince Saud bin Jalawi Stadium,Khalid Al Juhani,16,2021-01-31T17:00:00+03:00,2020/2021,Match Finished,,,,,,,,
125,657768,Al-Ahli Jeddah,Al Baten,2.0,2.0,King Abdullah Sports City Reserve Stadium,Abdullah Al-Harbi,16,2021-01-31T19:10:00+03:00,2020/2021,Match Finished,,,,,,,,
126,657771,Al-Ain,Al-Ettifaq,1.0,0.0,King Saud Sport City Stadium,Mohammed Al Hoaish,17,2021-02-04T15:05:00+03:00,2020/2021,Match Finished,,,,,,,,
127,657772,Al-Hilal Saudi FC,Abha,2.0,3.0,Prince Faisal bin Fahd Stadium,I. Tantashev,17,2021-02-04T17:15:00+03:00,2020/2021,Match Finished,,,,,,,,
128,657773,Al-Ittihad FC,Al-Fateh,4.0,1.0,King Abdulaziz Sports City Stadium,Ahmad Al Rumaikhani,17,2021-02-04T17:50:00+03:00,2020/2021,Match Finished,,,,,,,,
129,657774,Al-Nassr,Al Taawon,3.0,0.0,King Saud University Stadium,Sultan Al-Harbi,17,2021-02-04T19:15:00+03:00,2020/2021,Match Finished,,,,,,,,
130,657775,Al Baten,Al-Faisaly FC,0.0,2.0,Al-Batin FC Stadium,Sami Al Jires,17,2021-02-05T14:40:00+03:00,2020/2021,Match Finished,,,,,,,,
131,657776,Al Wehda Club,Al-Ahli Jeddah,2.0,4.0,King Abdulaziz Sports City Stadium,Khaled Al Teris,17,2021-02-05T19:15:00+03:00,2020/2021,Match Finished,,,,,,,,
132,657777,Dhamk,Al-Qadisiyah FC,2.0,2.0,Prince Sultan bin Abdulaziz Sports City Stadium,Mohammed Al Qarni,17,2021-02-06T15:00:00+03:00,2020/2021,Match Finished,,,,,,,,
133,657778,Al Shabab,Al-Raed,4.0,1.0,Al-Shabab Club Stadium,Shukri Al Hanfosh,17,2021-02-06T17:20:00+03:00,2020/2021,Match Finished,,,,,,,,
134,657769,Al-Ain,Al-Hilal Saudi FC,0.0,5.0,King Saud Sport City Stadium,Abdullah Al-Harbi,16,2021-02-09T15:05:00+03:00,2020/2021,Match Finished,,,,,,,,
135,657770,Al-Fateh,Al-Nassr,1.0,1.0,Prince Abdullah bin Jalawi Sports City Stadium,Khaled Al Teris,16,2021-02-09T17:10:00+03:00,2020/2021,Match Finished,,,,,,,,
136,657779,Al-Ettifaq,Abha,4.0,1.0,Prince Saud bin Jalawi Stadium,Faisal Alblwi,18,2021-02-11T17:05:00+03:00,2020/2021,Match Finished,,,,,,,,
137,657780,Al-Ahli Jeddah,Al-Ittihad FC,1.0,1.0,King Abdullah Sports City Reserve Stadium,Mohammed Al Hoaish,18,2021-02-11T19:20:00+03:00,2020/2021,Match Finished,,,,,,,,
138,657781,Al-Faisaly FC,Al Wehda Club,2.0,4.0,Al Majma'ah Sports City Stadium,Mohammed Alharbi,18,2021-02-12T14:45:00+03:00,2020/2021,Match Finished,,,,,,,,
139,657782,Al-Raed,Al Baten,1.0,2.0,King Abdullah bin Abdulaziz City,Raed Al Zahrani,18,2021-02-12T17:30:00+03:00,2020/2021,Match Finished,,,,,,,,
140,657783,Al Taawon,Al-Qadisiyah FC,0.0,2.0,King Abdullah bin Abdulaziz City,Khaled Salwi,18,2021-02-13T14:50:00+03:00,2020/2021,Match Finished,,,,,,,,
141,657784,Al-Fateh,Al-Ain,3.0,2.0,Prince Abdullah bin Jalawi Sports City Stadium,Majed Al Shamrani,18,2021-02-13T17:10:00+03:00,2020/2021,Match Finished,,,,,,,,
142,657785,Al-Nassr,Al Shabab,0.0,4.0,King Saud University Stadium,Turki Al Khudair,18,2021-02-13T19:20:00+03:00,2020/2021,Match Finished,,,,,,,,
143,657786,Dhamk,Al-Hilal Saudi FC,1.0,0.0,Prince Sultan bin Abdulaziz Sports City Stadium,Khaled Al Teris,18,2021-02-14T15:05:00+03:00,2020/2021,Match Finished,,,,,,,,
144,657787,Al-Raed,Al Wehda Club,1.0,3.0,King Abdullah bin Abdulaziz City,Majed Al Shamrani,19,2021-02-17T14:55:00+03:00,2020/2021,Match Finished,,,,,,,,
145,657788,Abha,Al Baten,1.0,2.0,Prince Sultan bin Abdulaziz Sports City Stadium,Khalid Al Juhani,19,2021-02-17T15:05:00+03:00,2020/2021,Match Finished,,,,,,,,
146,657789,Al Shabab,Al-Fateh,1.0,2.0,Al-Shabab Club Stadium,Mohammed Alharbi,19,2021-02-17T17:25:00+03:00,2020/2021,Match Finished,,,,,,,,
147,657790,Al-Ahli Jeddah,Al-Ain,1.0,1.0,King Abdullah Sports City Reserve Stadium,Mohammed Al Esmaiel,19,2021-02-17T19:20:00+03:00,2020/2021,Match Finished,,,,,,,,
148,657791,Al-Faisaly FC,Dhamk,2.0,0.0,Al Majma'ah Sports City Stadium,Mohammed Al Beredi,19,2021-02-18T14:50:00+03:00,2020/2021,Match Finished,,,,,,,,
149,657792,Al Taawon,Al-Ittihad FC,1.0,2.0,King Abdullah bin Abdulaziz City,Mohammed Al Qarni,19,2021-02-18T14:55:00+03:00,2020/2021,Match Finished,,,,,,,,
150,657793,Al-Qadisiyah FC,Al-Nassr,1.0,0.0,Prince Saud bin Jalawi Stadium,Faisal Alblwi,19,2021-02-18T17:10:00+03:00,2020/2021,Match Finished,,,,,,,,
151,657794,Al-Hilal Saudi FC,Al-Ettifaq,3.0,1.0,Prince Faisal bin Fahd Stadium,M. Ndiaye,19,2021-02-18T19:20:00+03:00,2020/2021,Match Finished,,,,,,,,
152,657795,Abha,Al-Raed,0.0,3.0,Prince Sultan bin Abdulaziz Sports City Stadium,Sultan Al-Harbi,20,2021-02-22T15:10:00+03:00,2020/2021,Match Finished,,,,,,,,
153,657796,Al Wehda Club,Al Taawon,0.0,2.0,King Abdulaziz Sports City Stadium,Faisal Alblwi,20,2021-02-22T18:00:00+03:00,2020/2021,Match Finished,,,,,,,,
154,657797,Al Shabab,Al-Ahli Jeddah,3.0,0.0,Al-Shabab Club Stadium,Majed Al Shamrani,20,2021-02-22T19:35:00+03:00,2020/2021,Match Finished,,,,,,,,
155,657798,Al Baten,Al-Qadisiyah FC,2.0,2.0,Al-Batin FC Stadium,Shukri Al Hanfosh,20,2021-02-23T14:45:00+03:00,2020/2021,Match Finished,,,,,,,,
156,657799,Al-Ain,Dhamk,1.0,1.0,King Saud Sport City Stadium,Mohammed Al Hoaish,20,2021-02-23T15:10:00+03:00,2020/2021,Match Finished,,,,,,,,
157,657800,Al-Fateh,Al-Ettifaq,2.0,3.0,Prince Abdullah bin Jalawi Sports City Stadium,Turki Al Khudair,20,2021-02-23T17:20:00+03:00,2020/2021,Match Finished,,,,,,,,
158,657801,Al-Ittihad FC,Al-Faisaly FC,1.0,3.0,King Abdulaziz Sports City Stadium,Khaled Al Teris,20,2021-02-23T18:00:00+03:00,2020/2021,Match Finished,,,,,,,,
159,657802,Al-Nassr,Al-Hilal Saudi FC,1.0,0.0,Mrsool Park,E. Ostojich,20,2021-02-23T19:35:00+03:00,2020/2021,Match Finished,,,,,,,,
160,657803,Al Baten,Al Wehda Club,3.0,0.0,Al-Batin FC Stadium,Abdullah Al-Harbi,21,2021-02-27T14:50:00+03:00,2020/2021,Match Finished,,,,,,,,
161,657804,Al-Ettifaq,Al Taawon,0.0,3.0,Prince Mohamed bin Fahd Stadium,Mohammed Al Esmaiel,21,2021-02-27T17:15:00+03:00,2020/2021,Match Finished,,,,,,,,
162,657805,Al-Faisaly FC,Al-Ahli Jeddah,2.0,1.0,Al Majma'ah Sports City Stadium,Ahmad Al Rumaikhani,21,2021-02-27T19:30:00+03:00,2020/2021,Match Finished,,,,,,,,
163,657806,Al-Raed,Al-Ain,4.0,0.0,King Abdullah bin Abdulaziz City,Abdullah Al-Shehri,21,2021-02-28T15:00:00+03:00,2020/2021,Match Finished,,,,,,,,
164,657808,Al-Qadisiyah FC,Al-Ittihad FC,1.0,4.0,Prince Mohamed bin Fahd Stadium,Mohammed Alharbi,21,2021-02-28T17:15:00+03:00,2020/2021,Match Finished,,,,,,,,
165,657809,Al-Fateh,Al-Hilal Saudi FC,2.0,5.0,Prince Abdullah bin Jalawi Sports City Stadium,Khaled Salwi,21,2021-02-28T17:20:00+03:00,2020/2021,Match Finished,,,,,,,,
166,657810,Al-Nassr,Abha,2.0,2.0,Mrsool Park,Mohammed Al Hoaish,21,2021-02-28T19:30:00+03:00,2020/2021,Match Finished,,,,,,,,
167,657807,Dhamk,Al Shabab,1.0,2.0,Prince Sultan bin Abdulaziz Sports City Stadium,Turki Al Khudair,21,2021-03-01T15:05:00+03:00,2020/2021,Match Finished,,,,,,,,
168,657811,Al Taawon,Al Baten,2.0,2.0,King Abdullah bin Abdulaziz City,Mohammed Al Beredi,22,2021-03-04T17:45:00+03:00,2020/2021,Match Finished,,,,,,,,
169,657812,Abha,Al-Fateh,2.0,1.0,Prince Sultan bin Abdulaziz Sports City Stadium,Sami Al Jires,22,2021-03-05T15:10:00+03:00,2020/2021,Match Finished,,,,,,,,
170,657813,Al-Ain,Al-Faisaly FC,1.0,1.0,King Saud Sport City Stadium,Shukri Al Hanfosh,22,2021-03-05T15:15:00+03:00,2020/2021,Match Finished,,,,,,,,
171,657814,Al-Ettifaq,Al-Nassr,1.0,1.0,Prince Mohamed bin Fahd Stadium,Majed Al Shamrani,22,2021-03-05T17:20:00+03:00,2020/2021,Match Finished,,,,,,,,
172,657815,Al Shabab,Al-Qadisiyah FC,1.0,1.0,Al-Shabab Club Stadium,Mohammed Al Qarni,22,2021-03-05T17:35:00+03:00,2020/2021,Match Finished,,,,,,,,
173,657816,Al-Hilal Saudi FC,Al-Raed,2.0,1.0,Prince Faisal bin Fahd Stadium,O. Hațegan,22,2021-03-05T19:35:00+03:00,2020/2021,Match Finished,,,,,,,,
174,657817,Al-Ittihad FC,Al Wehda Club,4.0,2.0,King Abdulaziz Sports City Stadium,Ahmad Al Rumaikhani,22,2021-03-05T19:35:00+03:00,2020/2021,Match Finished,,,,,,,,
175,657818,Al-Ahli Jeddah,Dhamk,1.0,3.0,King Abdulaziz Sports City Stadium,Faisal Alblwi,22,2021-03-06T19:35:00+03:00,2020/2021,Match Finished,,,,,,,,
176,657819,Al Baten,Al-Fateh,0.0,2.0,Al-Batin FC Stadium,Raed Al Zahrani,23,2021-03-10T14:50:00+03:00,2020/2021,Match Finished,,,,,,,,
177,657820,Al-Qadisiyah FC,Al-Ain,3.0,3.0,Prince Mohamed bin Fahd Stadium,Khalid Al-Jahly,23,2021-03-10T17:25:00+03:00,2020/2021,Match Finished,,,,,,,,
178,657821,Al Taawon,Abha,1.0,0.0,King Abdullah bin Abdulaziz City,Majed Al Shamrani,23,2021-03-10T17:50:00+03:00,2020/2021,Match Finished,,,,,,,,
179,657822,Al-Faisaly FC,Al-Raed,0.0,1.0,Al Majma'ah Sports City Stadium,Mohammed Al Hoaish,23,2021-03-10T19:15:00+03:00,2020/2021,Match Finished,,,,,,,,
180,657823,Al-Ittihad FC,Al Shabab,2.0,1.0,King Abdulaziz Sports City Stadium,Khaled Salwi,23,2021-03-10T19:45:00+03:00,2020/2021,Match Finished,,,,,,,,
181,657824,Dhamk,Al-Ettifaq,1.0,1.0,Prince Sultan bin Abdulaziz Sports City Stadium,Sultan Al-Harbi,23,2021-03-11T15:10:00+03:00,2020/2021,Match Finished,,,,,,,,
182,657825,Al Wehda Club,Al-Hilal Saudi FC,2.0,4.0,King Abdulaziz Sports City Stadium,Turki Al Khudair,23,2021-03-11T18:05:00+03:00,2020/2021,Match Finished,,,,,,,,
183,657826,Al-Ahli Jeddah,Al-Nassr,1.0,2.0,King Abdullah Sports City Reserve Stadium,Khaled Al Teris,23,2021-03-11T19:45:00+03:00,2020/2021,Match Finished,,,,,,,,
184,657835,Al Wehda Club,Abha,1.0,4.0,King Abdulaziz Sports City Stadium,Khaled Al Teris,25,2021-03-15T18:10:00+03:00,2020/2021,Match Finished,,,,,,,,
185,657833,Al-Raed,Al-Ittihad FC,,,King Abdullah bin Abdulaziz City,,24,2021-03-20T16:15:00+03:00,2020/2021,Not Started,,,,,,,,
186,657827,Al-Ettifaq,Al-Faisaly FC,,,Prince Mohamed bin Fahd Stadium,,24,2021-03-20T18:30:00+03:00,2020/2021,Not Started,,,,,,,,
187,657832,Al-Fateh,Al-Ahli Jeddah,,,Prince Abdullah bin Jalawi Sports City Stadium,,24,2021-03-20T18:30:00+03:00,2020/2021,Not Started,,,,,,,,
188,657828,Al Shabab,Al Taawon,,,Al-Shabab Club Stadium,,24,2021-03-20T18:40:00+03:00,2020/2021,Not Started,,,,,,,,
189,657829,Al-Hilal Saudi FC,Al-Qadisiyah FC,,,Prince Faisal bin Fahd Stadium,,24,2021-03-20T20:45:00+03:00,2020/2021,Not Started,,,,,,,,
190,657834,Al-Nassr,Al Baten,,,Mrsool Park,,24,2021-03-20T20:45:00+03:00,2020/2021,Not Started,,,,,,,,
191,657830,Abha,Dhamk,,,Prince Sultan bin Abdulaziz Sports City Stadium,,24,2021-03-21T16:05:00+03:00,2020/2021,Not Started,,,,,,,,
192,657831,Al-Ain,Al Wehda Club,,,King Saud Sport City Stadium,,24,2021-03-21T16:10:00+03:00,2020/2021,Not Started,,,,,,,,
193,657836,Al-Ahli Jeddah,Al-Raed,,,King Abdullah Sports City,,25,2021-04-08T20:50:00+03:00,2020/2021,Not Started,,,,,,,,
194,657837,Al Taawon,Al-Ain,,,King Abdullah bin Abdulaziz City,,25,2021-04-09T19:00:00+03:00,2020/2021,Not Started,,,,,,,,
195,657838,Dhamk,Al-Nassr,,,Prince Sultan bin Abdulaziz Sports City Stadium,,25,2021-04-09T19:05:00+03:00,2020/2021,Not Started,,,,,,,,
196,657839,Al-Ittihad FC,Al-Hilal Saudi FC,,,King Abdullah Sports City,,25,2021-04-09T20:50:00+03:00,2020/2021,Not Started,,,,,,,,
197,657840,Al Baten,Al Shabab,,,Al-Batin FC Stadium,,25,2021-04-10T18:55:00+03:00,2020/2021,Not Started,,,,,,,,
198,657841,Al-Faisaly FC,Al-Fateh,,,Al Majma'ah Sports City Stadium,,25,2021-04-10T18:55:00+03:00,2020/2021,Not Started,,,,,,,,
199,657842,Al-Ettifaq,Al-Qadisiyah FC,,,Prince Mohamed bin Fahd Stadium,,25,2021-04-10T20:15:00+03:00,2020/2021,Not Started,,,,,,,,
200,657843,Abha,Al-Ain,,,Prince Sultan bin Abdulaziz Sports City Stadium,,26,2021-04-15T21:50:00+03:00,2020/2021,Not Started,,,,,,,,
201,657844,Al Taawon,Al-Ahli Jeddah,,,King Abdullah bin Abdulaziz City,,26,2021-04-15T22:00:00+03:00,2020/2021,Not Started,,,,,,,,
202,657845,Al-Qadisiyah FC,Al-Raed,,,Prince Saud bin Jalawi Stadium,,26,2021-04-16T21:35:00+03:00,2020/2021,Not Started,,,,,,,,
203,657846,Al-Nassr,Al-Faisaly FC,,,King Saud University Stadium,,26,2021-04-16T21:45:00+03:00,2020/2021,Not Started,,,,,,,,
204,657847,Al-Ittihad FC,Al Baten,,,King Abdullah Sports City,,26,2021-04-16T22:10:00+03:00,2020/2021,Not Started,,,,,,,,
205,657848,Al-Fateh,Dhamk,,,Prince Abdullah bin Jalawi Sports City Stadium,,26,2021-04-17T21:35:00+03:00,2020/2021,Not Started,,,,,,,,
206,657849,Al Shabab,Al-Hilal Saudi FC,,,Al-Shabab Club Stadium,,26,2021-04-17T21:45:00+03:00,2020/2021,Not Started,,,,,,,,
207,657850,Al Wehda Club,Al-Ettifaq,,,King Abdulaziz Sports City Stadium,,26,2021-04-17T22:10:00+03:00,2020/2021,Not Started,,,,,,,,
208,657851,Al-Ettifaq,Al Shabab,,,Prince Mohamed bin Fahd Stadium,,27,2021-05-14T18:50:00+03:00,2020/2021,Not Started,,,,,,,,
209,657852,Al-Faisaly FC,Abha,,,Al Majma'ah Sports City Stadium,,27,2021-05-14T19:15:00+03:00,2020/2021,Not Started,,,,,,,,
210,657853,Al-Ain,Al-Nassr,,,King Saud Sport City Stadium,,27,2021-05-14T19:20:00+03:00,2020/2021,Not Started,,,,,,,,
211,657854,Al-Hilal Saudi FC,Al Baten,,,Prince Faisal bin Fahd Stadium,,27,2021-05-14T21:00:00+03:00,2020/2021,Not Started,,,,,,,,
212,657855,Al-Ahli Jeddah,Al-Qadisiyah FC,,,King Abdullah Sports City,,27,2021-05-14T21:00:00+03:00,2020/2021,Not Started,,,,,,,,
213,657856,Al-Fateh,Al Wehda Club,,,Prince Abdullah bin Jalawi Sports City Stadium,,27,2021-05-15T18:55:00+03:00,2020/2021,Not Started,,,,,,,,
214,657857,Al-Raed,Al Taawon,,,King Abdullah bin Abdulaziz City,,27,2021-05-15T19:20:00+03:00,2020/2021,Not Started,,,,,,,,
215,657858,Dhamk,Al-Ittihad FC,,,Prince Sultan bin Abdulaziz Sports City Stadium,,27,2021-05-15T21:00:00+03:00,2020/2021,Not Started,,,,,,,,
216,657859,Al-Qadisiyah FC,Al-Faisaly FC,,,Prince Saud bin Jalawi Stadium,,28,2021-05-19T18:55:00+03:00,2020/2021,Not Started,,,,,,,,
217,657860,Al Shabab,Al-Ain,,,Al-Shabab Club Stadium,,28,2021-05-19T19:10:00+03:00,2020/2021,Not Started,,,,,,,,
218,657861,Al Baten,Al-Ettifaq,,,Al-Batin FC Stadium,,28,2021-05-19T19:20:00+03:00,2020/2021,Not Started,,,,,,,,
219,657862,Al-Hilal Saudi FC,Al-Ahli Jeddah,,,Prince Faisal bin Fahd Stadium,,28,2021-05-19T21:00:00+03:00,2020/2021,Not Started,,,,,,,,
220,657863,Abha,Al-Ittihad FC,,,Prince Sultan bin Abdulaziz Sports City Stadium,,28,2021-05-20T19:15:00+03:00,2020/2021,Not Started,,,,,,,,
221,657864,Al Taawon,Al-Fateh,,,King Abdullah bin Abdulaziz City,,28,2021-05-20T19:25:00+03:00,2020/2021,Not Started,,,,,,,,
222,657865,Al Wehda Club,Dhamk,,,King Abdulaziz Sports City Stadium,,28,2021-05-20T19:30:00+03:00,2020/2021,Not Started,,,,,,,,
223,657866,Al-Nassr,Al-Raed,,,King Saud University Stadium,,28,2021-05-20T21:00:00+03:00,2020/2021,Not Started,,,,,,,,
224,657867,Al-Faisaly FC,Al Shabab,,,Al Majma'ah Sports City Stadium,,29,2021-05-25T21:00:00+03:00,2020/2021,Not Started,,,,,,,,
225,657868,Abha,Al-Ahli Jeddah,,,Prince Sultan bin Abdulaziz Sports City Stadium,,29,2021-05-25T21:00:00+03:00,2020/2021,Not Started,,,,,,,,
226,657869,Al-Ittihad FC,Al-Ain,,,King Abdullah Sports City,,29,2021-05-25T21:00:00+03:00,2020/2021,Not Started,,,,,,,,
227,657870,Al Baten,Dhamk,,,Al-Batin FC Stadium,,29,2021-05-25T21:00:00+03:00,2020/2021,Not Started,,,,,,,,
228,657871,Al-Ettifaq,Al-Raed,,,Prince Mohamed bin Fahd Stadium,,29,2021-05-25T21:00:00+03:00,2020/2021,Not Started,,,,,,,,
229,657872,Al-Fateh,Al-Qadisiyah FC,,,Prince Abdullah bin Jalawi Sports City Stadium,,29,2021-05-25T21:00:00+03:00,2020/2021,Not Started,,,,,,,,
230,657873,Al Wehda Club,Al-Nassr,,,King Abdulaziz Sports City Stadium,,29,2021-05-25T21:00:00+03:00,2020/2021,Not Started,,,,,,,,
231,657874,Al Taawon,Al-Hilal Saudi FC,,,King Abdullah bin Abdulaziz City,,29,2021-05-25T21:00:00+03:00,2020/2021,Not Started,,,,,,,,
232,657875,Al-Qadisiyah FC,Abha,,,Prince Saud bin Jalawi Stadium,,30,2021-05-30T21:00:00+03:00,2020/2021,Not Started,,,,,,,,
233,657876,Dhamk,Al Taawon,,,Prince Sultan bin Abdulaziz Sports City Stadium,,30,2021-05-30T21:00:00+03:00,2020/2021,Not Started,,,,,,,,
234,657877,Al-Ain,Al Baten,,,King Saud Sport City Stadium,,30,2021-05-30T21:00:00+03:00,2020/2021,Not Started,,,,,,,,
235,657878,Al-Raed,Al-Fateh,,,King Abdullah bin Abdulaziz City,,30,2021-05-30T21:00:00+03:00,2020/2021,Not Started,,,,,,,,
236,657879,Al Shabab,Al Wehda Club,,,Al-Shabab Club Stadium,,30,2021-05-30T21:00:00+03:00,2020/2021,Not Started,,,,,,,,
237,657880,Al-Ahli Jeddah,Al-Ettifaq,,,King Abdullah Sports City,,30,2021-05-30T21:00:00+03:00,2020/2021,Not Started,,,,,,,,
238,657881,Al-Hilal Saudi FC,Al-Faisaly FC,,,Prince Faisal bin Fahd Stadium,,30,2021-05-30T21:00:00+03:00,2020/2021,Not Started,,,,,,,,
239,657882,Al-Nassr,Al-Ittihad FC,,,King Saud University Stadium,,30,2021-05-30T21:00:00+03:00,2020/2021,Not Started,,,,,,,,
